suite,model,seed,success,placement_error,yaw_error,steps,path_length,efficiency,failure
held_out,replay,20000,False,0.2736850082874298,2.9711697101593018,180,1.4976563233067282,,never_grasped
held_out,replay,20001,False,0.48434507846832275,1.4583451747894287,180,1.4976563233067282,,never_grasped
held_out,replay,20002,False,0.40548545122146606,0.3695082664489746,180,1.4976563233067282,,never_grasped
held_out,replay,20003,False,0.27450865507125854,1.3893920183181763,180,1.4976563233067282,,never_grasped
held_out,replay,20004,False,0.3182638883590698,0.13940882682800293,180,1.4976563233067282,,never_grasped
held_out,replay,20005,False,0.3324853479862213,0.12581872940063477,180,1.4976563233067282,,never_grasped
held_out,replay,20006,False,0.4134557545185089,1.4307140111923218,180,1.4976563233067282,,never_grasped
held_out,replay,20007,False,0.3195786774158478,2.299497365951538,180,1.4976563233067282,,never_grasped
held_out,replay,20008,False,0.22757306694984436,2.9668333530426025,180,1.4976563233067282,,never_grasped
held_out,replay,20009,False,0.28925302624702454,1.9444324970245361,180,1.4976563233067282,,never_grasped
held_out,replay,20010,False,0.3560888171195984,1.7526094913482666,180,1.4976563233067282,,never_grasped
held_out,replay,20011,False,0.31371814012527466,0.8658921718597412,180,1.4976563233067282,,never_grasped
held_out,replay,20012,False,0.3879093825817108,1.0215628147125244,180,1.4976563233067282,,never_grasped
held_out,replay,20013,False,0.4612533450126648,2.3485114574432373,180,1.4976563233067282,,never_grasped
held_out,replay,20014,False,0.34309008717536926,1.4599974155426025,180,1.4976563233067282,,never_grasped
held_out,replay,20015,False,0.3550504744052887,2.5476953983306885,180,1.4976563233067282,,never_grasped
held_out,replay,20016,False,0.47031840682029724,2.752300500869751,180,1.4976563233067282,,never_grasped
held_out,replay,20017,False,0.347094863653183,0.13039636611938477,180,1.4976563233067282,,never_grasped
held_out,replay,20018,False,0.23320916295051575,0.9612855911254883,180,1.4976563233067282,,never_grasped
held_out,replay,20019,False,0.42174771428108215,2.8501675128936768,180,1.4976563233067282,,never_grasped
held_out,replay,20020,False,0.3417776823043823,2.8489315509796143,180,1.4976563233067282,,never_grasped
held_out,replay,20021,False,0.22317826747894287,2.393874406814575,180,1.4976563233067282,,never_grasped
held_out,replay,20022,False,0.3832244873046875,0.3216686248779297,180,1.4976563233067282,,never_grasped
held_out,replay,20023,False,0.32798150181770325,2.1920759677886963,180,1.4976563233067282,,never_grasped
held_out,replay,20024,False,0.25259342789649963,2.55315899848938,180,1.4976563233067282,,never_grasped
held_out,replay,20025,False,0.306973397731781,1.198451280593872,180,1.4976563233067282,,never_grasped
held_out,replay,20026,False,0.32447972893714905,1.2729427814483643,180,1.4976563233067282,,never_grasped
held_out,replay,20027,False,0.22830285131931305,1.707000970840454,180,1.4976563233067282,,never_grasped
held_out,replay,20028,False,0.31121763586997986,0.6478486061096191,180,1.4976563233067282,,never_grasped
held_out,replay,20029,False,0.42849165201187134,0.03646206855773926,180,1.4976563233067282,,never_grasped
held_out,replay,20030,False,0.354247510433197,1.479325532913208,180,1.4976563233067282,,never_grasped
held_out,replay,20031,False,0.257485032081604,0.9351174831390381,180,1.4976563233067282,,never_grasped
held_out,replay,20032,False,0.3395283818244934,2.7302651405334473,180,1.4976563233067282,,never_grasped
held_out,replay,20033,False,0.389994353055954,1.7705662250518799,180,1.4976563233067282,,never_grasped
held_out,replay,20034,False,0.27475184202194214,1.1498322486877441,180,1.4976563233067282,,never_grasped
held_out,replay,20035,False,0.30361583828926086,0.5882213115692139,180,1.4976563233067282,,never_grasped
held_out,replay,20036,False,0.32459115982055664,1.5014965534210205,180,1.4976563233067282,,never_grasped
held_out,replay,20037,False,0.5543321967124939,2.3718435764312744,180,1.4976563233067282,,never_grasped
held_out,replay,20038,False,0.44956275820732117,2.9014904499053955,180,1.4976563233067282,,never_grasped
held_out,replay,20039,False,0.29813170433044434,2.702815294265747,180,1.4976563233067282,,never_grasped
held_out,replay,20040,False,0.42928066849708557,0.4178647994995117,180,1.4976563233067282,,never_grasped
held_out,replay,20041,False,0.37892287969589233,0.5801289081573486,180,1.4976563233067282,,never_grasped
held_out,replay,20042,False,0.3050194978713989,1.4788429737091064,180,1.4976563233067282,,never_grasped
held_out,replay,20043,False,0.29980000853538513,2.4651527404785156,180,1.4976563233067282,,never_grasped
held_out,replay,20044,False,0.33348941802978516,3.0094854831695557,180,1.4976563233067282,,never_grasped
held_out,replay,20045,False,0.4019021987915039,1.6876399517059326,180,1.4976563233067282,,never_grasped
held_out,replay,20046,False,0.3291076421737671,2.2093474864959717,180,1.4976563233067282,,never_grasped
held_out,replay,20047,False,0.2836301028728485,3.100112199783325,180,1.4976563233067282,,never_grasped
held_out,replay,20048,False,0.3983231484889984,2.026902675628662,180,1.4976563233067282,,never_grasped
held_out,replay,20049,False,0.2487381249666214,1.9426298141479492,180,1.4976563233067282,,never_grasped
held_out,replay,20050,False,0.23737668991088867,2.1291680335998535,180,1.4976563233067282,,never_grasped
held_out,replay,20051,False,0.4973137676715851,0.4186136722564697,180,1.4976563233067282,,never_grasped
held_out,replay,20052,False,0.2904820442199707,2.6780521869659424,180,1.4976563233067282,,never_grasped
held_out,replay,20053,False,0.3165585994720459,1.4649956226348877,180,1.4976563233067282,,never_grasped
held_out,replay,20054,False,0.46017077565193176,1.3906900882720947,180,1.4976563233067282,,never_grasped
held_out,replay,20055,False,0.24384112656116486,0.7833347320556641,180,1.4976563233067282,,never_grasped
held_out,replay,20056,False,0.23218274116516113,0.0345616340637207,180,1.4976563233067282,,never_grasped
held_out,replay,20057,False,0.23883065581321716,0.5858514308929443,180,1.4976563233067282,,never_grasped
held_out,replay,20058,False,0.34872981905937195,2.717712640762329,180,1.4976563233067282,,never_grasped
held_out,replay,20059,False,0.4379759430885315,0.5164411067962646,180,1.4976563233067282,,never_grasped
held_out,replay,20060,False,0.3785267770290375,1.6470873355865479,180,1.4976563233067282,,never_grasped
held_out,replay,20061,False,0.32392820715904236,2.5971968173980713,180,1.4976563233067282,,never_grasped
held_out,replay,20062,False,0.4952339828014374,0.13979077339172363,180,1.4976563233067282,,never_grasped
held_out,replay,20063,False,0.2458409070968628,2.3338191509246826,180,1.4976563233067282,,never_grasped
held_out,replay,20064,False,0.3005201518535614,1.0289456844329834,180,1.4976563233067282,,never_grasped
held_out,replay,20065,False,0.3364790976047516,2.8298256397247314,180,1.4976563233067282,,never_grasped
held_out,replay,20066,False,0.3047332465648651,1.9054105281829834,180,1.4976563233067282,,never_grasped
held_out,replay,20067,False,0.3489617109298706,2.430440902709961,180,1.4976563233067282,,never_grasped
held_out,replay,20068,False,0.3858557343482971,0.028554201126098633,180,1.4976563233067282,,never_grasped
held_out,replay,20069,False,0.3729882836341858,0.4683258533477783,180,1.4976563233067282,,never_grasped
held_out,replay,20070,False,0.4628201723098755,1.7616474628448486,180,1.4976563233067282,,never_grasped
held_out,replay,20071,False,0.4285099506378174,0.4496042728424072,180,1.4976563233067282,,never_grasped
held_out,replay,20072,False,0.39728572964668274,0.9585387706756592,180,1.4976563233067282,,never_grasped
held_out,replay,20073,False,0.40007656812667847,1.6014292240142822,180,1.4976563233067282,,never_grasped
held_out,replay,20074,False,0.23051317036151886,1.564721703529358,180,1.4976563233067282,,placement_or_release
held_out,replay,20075,False,0.2650481164455414,0.975064754486084,180,1.4976563233067282,,never_grasped
held_out,replay,20076,False,0.45804110169410706,0.7358131408691406,180,1.4976563233067282,,never_grasped
held_out,replay,20077,False,0.24857139587402344,1.1805622577667236,180,1.4976563233067282,,never_grasped
held_out,replay,20078,False,0.2579044699668884,1.261333703994751,180,1.4976563233067282,,never_grasped
held_out,replay,20079,False,0.4998011887073517,3.092517852783203,180,1.4976563233067282,,never_grasped
held_out,replay,20080,False,0.2365831583738327,2.5996334552764893,180,1.4976563233067282,,never_grasped
held_out,replay,20081,False,0.5513919591903687,1.2965128421783447,180,1.4976563233067282,,never_grasped
held_out,replay,20082,False,0.25174596905708313,2.2480318546295166,180,1.4976563233067282,,never_grasped
held_out,replay,20083,False,0.4304097890853882,2.8617160320281982,180,1.4976563233067282,,never_grasped
held_out,replay,20084,False,0.430364191532135,0.19322967529296875,180,1.4976563233067282,,never_grasped
held_out,replay,20085,False,0.25963062047958374,1.0204017162322998,180,1.4976563233067282,,never_grasped
held_out,replay,20086,False,0.2658982574939728,0.24208498001098633,180,1.4976563233067282,,never_grasped
held_out,replay,20087,False,0.32946208119392395,2.98492169380188,180,1.4976563233067282,,never_grasped
held_out,replay,20088,False,0.4592015743255615,2.5519120693206787,180,1.4976563233067282,,never_grasped
held_out,replay,20089,False,0.35446134209632874,1.5454633235931396,180,1.4976563233067282,,never_grasped
held_out,replay,20090,False,0.36426904797554016,0.7031023502349854,180,1.4976563233067282,,never_grasped
held_out,replay,20091,False,0.5608417391777039,2.9328715801239014,180,1.4976563233067282,,never_grasped
held_out,replay,20092,False,0.37779703736305237,2.313648223876953,180,1.4976563233067282,,never_grasped
held_out,replay,20093,False,0.5119824409484863,1.883065104484558,180,1.4976563233067282,,never_grasped
held_out,replay,20094,False,0.3939611613750458,1.5903875827789307,180,1.4976563233067282,,never_grasped
held_out,replay,20095,False,0.34188055992126465,2.1383495330810547,180,1.4976563233067282,,never_grasped
held_out,replay,20096,False,0.23583664000034332,0.3328430652618408,180,1.4976563233067282,,never_grasped
held_out,replay,20097,False,0.2673313021659851,2.775238275527954,180,1.4976563233067282,,never_grasped
held_out,replay,20098,False,0.3043166995048523,1.7398312091827393,180,1.4976563233067282,,never_grasped
held_out,replay,20099,False,0.2482767254114151,0.24863457679748535,180,1.4976563233067282,,never_grasped
held_out,absolute,20000,True,0.021372061222791672,0.008965492248535156,50,1.1788448242587037,0.5247679471442693,
held_out,absolute,20001,True,0.008531669154763222,0.015697240829467773,68,1.498783382208785,0.5785415123555141,
held_out,absolute,20002,True,0.012735141441226006,0.006422281265258789,43,1.23743799229851,0.6466140016536869,
held_out,absolute,20003,False,0.1230490580201149,0.008147001266479492,180,0.8913096456224423,,placement_or_release
held_out,absolute,20004,False,0.3182638883590698,0.13940882682800293,180,0.3513884075331646,,never_grasped
held_out,absolute,20005,False,0.3324853479862213,0.12581872940063477,180,0.38280133786479453,,never_grasped
held_out,absolute,20006,False,0.4134557545185089,1.4307140111923218,180,0.48544833211763816,,never_grasped
held_out,absolute,20007,True,0.03496473282575607,0.014998674392700195,39,1.0745409657829441,0.6256358689851517,
held_out,absolute,20008,False,0.4640955924987793,0.5493581295013428,180,1.1339086207683522,,placement_or_release
held_out,absolute,20009,False,0.28925302624702454,1.9444324970245361,180,0.3305305295990415,,never_grasped
held_out,absolute,20010,False,0.3560888171195984,1.7526094913482666,180,0.39015587369281235,,never_grasped
held_out,absolute,20011,False,0.31371814012527466,0.8658921718597412,180,0.47367354138339124,,never_grasped
held_out,absolute,20012,True,0.022038375958800316,0.0037431716918945312,43,1.1812704247422516,0.6445870131622177,
held_out,absolute,20013,False,0.18579557538032532,0.032665252685546875,180,1.445702832872655,,placement_or_release
held_out,absolute,20014,True,0.004377197008579969,0.006448030471801758,45,1.1724706339882687,0.5714656218607,
held_out,absolute,20015,False,0.39448997378349304,0.5720083713531494,180,1.1088086226001863,,placement_or_release
held_out,absolute,20016,False,0.47031840682029724,2.752300500869751,180,0.43144909210873905,,never_grasped
held_out,absolute,20017,False,0.347094863653183,0.13039636611938477,180,0.4010898105540086,,never_grasped
held_out,absolute,20018,False,0.23320916295051575,0.9612855911254883,180,0.33663330953818615,,never_grasped
held_out,absolute,20019,False,0.46840986609458923,0.4623878002166748,180,1.2829087575664744,,placement_or_release
held_out,absolute,20020,False,0.3417776823043823,2.8489315509796143,180,0.30019548776748195,,never_grasped
held_out,absolute,20021,True,0.01610666513442993,0.0019750595092773438,40,0.95758571929764,0.5755020714635046,
held_out,absolute,20022,False,0.3832244873046875,0.3216686248779297,180,0.39010673291862474,,never_grasped
held_out,absolute,20023,True,0.038199469447135925,0.004812955856323242,40,1.1107004930090625,0.610054422266583,
held_out,absolute,20024,True,0.010547474958002567,0.005968570709228516,48,1.2245423776330426,0.5471334013370301,
held_out,absolute,20025,False,0.306973397731781,1.198451280593872,180,1.4530623574534403,,never_grasped
held_out,absolute,20026,False,0.07874155044555664,0.01071929931640625,180,0.9783086208226024,,placement_or_release
held_out,absolute,20027,False,0.1880715787410736,0.030704498291015625,180,0.9360887802700972,,placement_or_release
held_out,absolute,20028,False,0.31121763586997986,0.6478486061096191,180,0.4340025704835071,,never_grasped
held_out,absolute,20029,False,0.42849165201187134,0.03646206855773926,180,0.42919727221784143,,never_grasped
held_out,absolute,20030,False,0.354247510433197,1.479325532913208,180,0.3052555290597567,,never_grasped
held_out,absolute,20031,False,0.17584405839443207,0.03645944595336914,180,0.9784614429809153,,placement_or_release
held_out,absolute,20032,True,0.03155774623155594,0.02267622947692871,51,1.289420855755452,0.512319753245763,
held_out,absolute,20033,False,0.389994353055954,1.7705662250518799,180,0.39841016312625754,,never_grasped
held_out,absolute,20034,False,0.09663765132427216,0.0012471675872802734,180,0.9597012484137366,,placement_or_release
held_out,absolute,20035,False,0.2012883722782135,0.03910660743713379,180,0.977179878905087,,placement_or_release
held_out,absolute,20036,False,0.32459115982055664,1.5014965534210205,180,1.213648083503358,,never_grasped
held_out,absolute,20037,True,0.037371307611465454,0.0029573440551757812,72,1.5663319895975292,0.600206552520818,
held_out,absolute,20038,True,0.03292818367481232,0.0032868385314941406,57,1.448956981417723,0.5701965233103126,
held_out,absolute,20039,False,0.29813170433044434,2.702815294265747,180,0.41330923449417867,,never_grasped
held_out,absolute,20040,True,0.0007948052370920777,0.0001747608184814453,43,1.1782532084616832,0.6472158483091397,
held_out,absolute,20041,True,0.028339846059679985,0.0025708675384521484,41,1.1861487415444572,0.6481570168372095,
held_out,absolute,20042,True,0.04869765788316727,0.005858659744262695,40,1.0226932767545804,0.6255527320306669,
held_out,absolute,20043,True,0.00616530142724514,0.005921602249145508,40,0.9949860191845801,0.5875363309196696,
held_out,absolute,20044,True,0.03746234253048897,0.0004894733428955078,48,1.1659379113698378,0.5540258435869552,
held_out,absolute,20045,True,0.020482806488871574,0.014753580093383789,48,1.3257028083899058,0.5819711091736626,
held_out,absolute,20046,True,0.04140517860651016,0.0025959014892578125,39,1.112494149361737,0.602565141004967,
held_out,absolute,20047,True,0.014962024986743927,0.014469385147094727,50,1.139695090780151,0.5527414022847592,
held_out,absolute,20048,True,0.02156691998243332,0.009684324264526367,60,1.3538675316958688,0.5424273382651664,
held_out,absolute,20049,False,0.2080964893102646,0.03741598129272461,180,1.0542069546104642,,placement_or_release
held_out,absolute,20050,True,0.019823402166366577,0.009764671325683594,39,0.994155011670955,0.5934397736770183,
held_out,absolute,20051,False,0.4973137676715851,0.4186136722564697,180,0.5427731619652292,,never_grasped
held_out,absolute,20052,True,0.0202103890478611,0.00782322883605957,49,1.2139238076924812,0.5407830871609068,
held_out,absolute,20053,True,0.031671442091464996,0.007566213607788086,41,1.160593921551481,0.6239421317352382,
held_out,absolute,20054,True,0.012735954485833645,0.0022513866424560547,94,1.5558654225897044,0.5305963340406439,
held_out,absolute,20055,False,0.24384112656116486,0.7833347320556641,180,0.4211795618935241,,never_grasped
held_out,absolute,20056,False,0.23218274116516113,0.0345616340637207,180,0.3265465957686189,,never_grasped
held_out,absolute,20057,False,0.23883065581321716,0.5858514308929443,180,0.3516244197286227,,never_grasped
held_out,absolute,20058,True,0.017424535006284714,0.0020194053649902344,57,1.2585625481442548,0.5323761520723718,
held_out,absolute,20059,False,0.4379759430885315,0.5164411067962646,180,0.4967422030525448,,never_grasped
held_out,absolute,20060,True,0.024107959121465683,0.0023305416107177734,46,1.2549648358835839,0.5827227332563117,
held_out,absolute,20061,False,0.35321396589279175,0.39997363090515137,180,0.9984126725759097,,placement_or_release
held_out,absolute,20062,False,0.4952339828014374,0.13979077339172363,180,0.5908622437577691,,never_grasped
held_out,absolute,20063,True,0.02585170790553093,0.01289057731628418,44,1.0518526622327045,0.5517669913041042,
held_out,absolute,20064,False,0.3005201518535614,1.0289456844329834,180,0.3639868924277607,,never_grasped
held_out,absolute,20065,True,0.007369375322014093,0.009920120239257812,48,1.2334328672441188,0.5536353177308855,
held_out,absolute,20066,False,0.17566163837909698,0.029209375381469727,180,1.1341816555941477,,placement_or_release
held_out,absolute,20067,True,0.011210499331355095,0.004036903381347656,48,1.166687612014357,0.5642924158081005,
held_out,absolute,20068,False,0.3858557343482971,0.028554201126098633,180,0.3643109469960599,,never_grasped
held_out,absolute,20069,False,0.3729882836341858,0.4683258533477783,180,0.4449893315135611,,never_grasped
held_out,absolute,20070,True,0.01778295449912548,0.0007827281951904297,49,1.4003826516564004,0.6062784278336812,
held_out,absolute,20071,True,0.027538307011127472,0.0033142566680908203,61,1.5127061138045974,0.5387133259732337,
held_out,absolute,20072,False,0.20880721509456635,0.044829607009887695,180,1.3564443382613618,,placement_or_release
held_out,absolute,20073,False,0.3840472996234894,0.5300061702728271,180,1.2241041048050647,,placement_or_release
held_out,absolute,20074,False,0.15611441433429718,0.004584550857543945,180,2.484165576985106,,placement_or_release
held_out,absolute,20075,False,0.19659146666526794,0.04192996025085449,180,0.763351156368504,,placement_or_release
held_out,absolute,20076,False,0.4430488049983978,0.5022900104522705,180,1.3439228078946712,,placement_or_release
held_out,absolute,20077,False,0.1767929643392563,0.03422141075134277,180,0.8518124786407952,,placement_or_release
held_out,absolute,20078,False,0.2579044699668884,1.261333703994751,180,0.5105437319093795,,never_grasped
held_out,absolute,20079,True,0.01331324689090252,0.010263681411743164,69,1.6641489044995978,0.557757147854556,
held_out,absolute,20080,True,0.029509028419852257,0.0042612552642822266,49,1.156491817557253,0.5075283022077139,
held_out,absolute,20081,True,0.04174945503473282,0.009864091873168945,87,1.645792262890609,0.5700826094701434,
held_out,absolute,20082,True,0.024681877344846725,0.005652189254760742,38,0.9558142948226305,0.5952212401977602,
held_out,absolute,20083,True,0.019568707793951035,0.017984628677368164,46,1.2618875272455625,0.6276795782216975,
held_out,absolute,20084,False,0.4882589876651764,0.7667880058288574,180,1.4553447635189514,,placement_or_release
held_out,absolute,20085,False,0.25963062047958374,1.0204017162322998,180,0.4662093285321838,,never_grasped
held_out,absolute,20086,False,0.2658982574939728,0.24208498001098633,180,0.4275253557319374,,never_grasped
held_out,absolute,20087,True,0.014857161790132523,0.004323720932006836,53,1.2202175157726742,0.5309000651152581,
held_out,absolute,20088,True,0.002866224618628621,0.011652946472167969,84,1.514093751029577,0.5630976109048291,
held_out,absolute,20089,True,0.017438527196645737,0.011632204055786133,41,1.1701156407070812,0.6077944111805303,
held_out,absolute,20090,True,0.02368011139333248,0.004058361053466797,45,1.2023328817158472,0.601418560857951,
held_out,absolute,20091,True,0.018547356128692627,0.00410008430480957,47,1.4433662199880928,0.6493086522865894,
held_out,absolute,20092,True,0.027821902185678482,0.0074503421783447266,47,1.242141643393552,0.5972423666775374,
held_out,absolute,20093,False,0.5119824409484863,1.883065104484558,180,0.5146271718791056,,never_grasped
held_out,absolute,20094,True,0.019431551918387413,0.0026807785034179688,43,1.2025022571033332,0.6397745848729803,
held_out,absolute,20095,False,0.34188055992126465,2.1383495330810547,180,0.4023845748306414,,never_grasped
held_out,absolute,20096,False,0.23583664000034332,0.3328430652618408,180,0.4210551699357623,,never_grasped
held_out,absolute,20097,True,0.009038956835865974,0.0015635490417480469,51,1.221836140495725,0.49165167330090526,
held_out,absolute,20098,True,0.008993224240839481,0.004952192306518555,46,1.144454672197753,0.5719566906826848,
held_out,absolute,20099,False,0.2482767254114151,0.24863457679748535,180,0.4320996876127694,,never_grasped
held_out,relative,20000,True,0.014314709231257439,0.005767345428466797,45,1.1739834328536745,0.5269409781398439,
held_out,relative,20001,True,0.015036743134260178,0.006668806076049805,46,1.433569448056005,0.6048597128044457,
held_out,relative,20002,True,0.012581413611769676,0.0063931941986083984,48,1.4436191386339488,0.5542630397347013,
held_out,relative,20003,True,0.01685207150876522,0.00735926628112793,45,1.0255988534413518,0.5537574086258021,
held_out,relative,20004,True,0.014554472640156746,0.005487203598022461,48,1.1356426034881224,0.5432833033891381,
held_out,relative,20005,False,0.3324853479862213,0.12581872940063477,180,0.44092313324168586,,never_grasped
held_out,relative,20006,True,0.01163328718394041,0.007288694381713867,51,1.3575360941144936,0.5877410548061947,
held_out,relative,20007,True,0.0113682821393013,0.0071718692779541016,42,1.195619354250539,0.5622787624654692,
held_out,relative,20008,True,0.014490880072116852,0.005644559860229492,52,1.211051628556561,0.48604605096303244,
held_out,relative,20009,False,0.28925302624702454,1.9444324970245361,180,0.36476143510402537,,never_grasped
held_out,relative,20010,True,0.012834308668971062,0.005602836608886719,47,1.2594771494705128,0.5685256631424199,
held_out,relative,20011,True,0.011291339993476868,0.007097959518432617,49,1.221342749559426,0.5553711057791405,
held_out,relative,20012,True,0.010630437172949314,0.007669925689697266,48,1.262236866317835,0.6032398475594369,
held_out,relative,20013,True,0.012425597757101059,0.006769418716430664,51,1.3915521396133954,0.5842025771049124,
held_out,relative,20014,True,0.014147093519568443,0.00568699836730957,40,1.1673002672896473,0.5739968358966018,
held_out,relative,20015,True,0.014809397049248219,0.005942821502685547,45,1.2240263784406125,0.558800688510517,
held_out,relative,20016,True,0.011788370087742805,0.0057260990142822266,50,1.338721759942473,0.6234622865347881,
held_out,relative,20017,True,0.014066975563764572,0.007126569747924805,47,1.1974208809397169,0.5362754998372424,
held_out,relative,20018,True,0.005844437051564455,0.006298065185546875,35,0.9004897555864773,0.5768390672800043,
held_out,relative,20019,True,0.01602816767990589,0.005903720855712891,48,1.3553447655831405,0.5674294383264137,
held_out,relative,20020,True,0.014329716563224792,0.005919456481933594,55,1.1551927235514086,0.545655065707794,
held_out,relative,20021,True,0.013105987571179867,0.006190061569213867,38,1.0224205834142595,0.5390076980055993,
held_out,relative,20022,True,0.013920110650360584,0.0072214603424072266,44,1.237753906423677,0.5607617620497806,
held_out,relative,20023,True,0.014404757879674435,0.00679469108581543,43,1.2430112841220762,0.5451179375675778,
held_out,relative,20024,True,0.01287140417844057,0.008601903915405273,66,1.456541409355168,0.4599855739441792,
held_out,relative,20025,True,0.012795483693480492,0.005552053451538086,50,1.1590113462425506,0.5567481138431053,
held_out,relative,20026,True,0.014743514358997345,0.00868678092956543,38,1.0720688693697866,0.5789299666940251,
held_out,relative,20027,True,0.014638828113675117,0.006779670715332031,38,0.9417263911427654,0.5406269533117768,
held_out,relative,20028,True,0.013186519965529442,0.008774280548095703,49,1.1668663716523042,0.551439306025339,
held_out,relative,20029,True,0.011162263341248035,0.006821632385253906,44,1.3607506368789473,0.5986534847598288,
held_out,relative,20030,True,0.017016490921378136,0.0069582462310791016,50,1.1058703649368908,0.582518291302796,
held_out,relative,20031,True,0.01307311188429594,0.006152629852294922,38,1.0563189990089086,0.551544478709435,
held_out,relative,20032,True,0.014725852757692337,0.005778074264526367,41,1.137882881578662,0.5805481261253219,
held_out,relative,20033,True,0.011997462250292301,0.005986452102661133,52,1.1850353896224988,0.5892589692711333,
held_out,relative,20034,True,0.014021436683833599,0.007066488265991211,37,1.0910389812252106,0.5961580146890685,
held_out,relative,20035,True,0.013534077443182468,0.005918979644775391,39,1.0962310975273795,0.5600733314729842,
held_out,relative,20036,True,0.013635438866913319,0.007612943649291992,53,1.3243291404664888,0.5332483342375386,
held_out,relative,20037,True,0.012348768301308155,0.008153200149536133,48,1.484628088802765,0.6332378665538663,
held_out,relative,20038,True,0.011427653022110462,0.00508880615234375,45,1.3257936455606796,0.6231665357554147,
held_out,relative,20039,True,0.013477391563355923,0.005985736846923828,52,1.1715245498162403,0.5366005953616387,
held_out,relative,20040,True,0.013318566605448723,0.006012916564941406,50,1.354617065043385,0.5629518256608337,
held_out,relative,20041,True,0.012339008040726185,0.008172273635864258,47,1.346326569955636,0.5710431978401788,
held_out,relative,20042,True,0.011705492623150349,0.006546735763549805,39,1.1257906926339274,0.5682659996117496,
held_out,relative,20043,True,0.012532281689345837,0.006362199783325195,37,1.0204045560867598,0.5729006515513553,
held_out,relative,20044,True,0.0125908637419343,0.007897138595581055,49,1.1993850608091634,0.5385757718883802,
held_out,relative,20045,True,0.0138308210298419,0.00792074203491211,49,1.3792395650348226,0.5593812368729677,
held_out,relative,20046,True,0.013470055535435677,0.008565664291381836,38,1.1468009767777403,0.5845392596899361,
held_out,relative,20047,True,0.014762865379452705,0.005408048629760742,56,1.2114485918937135,0.520002802322912,
held_out,relative,20048,True,0.014360400848090649,0.00769495964050293,42,1.2223323730804623,0.6007979316875045,
held_out,relative,20049,True,0.013710664585232735,0.007114887237548828,37,1.0515851288946578,0.5623384965027772,
held_out,relative,20050,True,0.013363669626414776,0.005739450454711914,41,1.0776232184289256,0.5474744001767222,
held_out,relative,20051,True,0.011549520306289196,0.007588624954223633,56,1.619454711732942,0.5661172291981486,
held_out,relative,20052,True,0.01305612362921238,0.007812738418579102,50,1.2473284929474175,0.5263003835908823,
held_out,relative,20053,True,0.011214293539524078,0.00794529914855957,42,1.2712113326770123,0.5696483557669637,
held_out,relative,20054,True,0.014437039382755756,0.005548238754272461,50,1.4362062852251256,0.5748035626771341,
held_out,relative,20055,True,0.010432248935103416,0.007658958435058594,40,1.0807620093137302,0.5597118659429691,
held_out,relative,20056,False,0.23218274116516113,0.0345616340637207,180,0.35150910165167915,,never_grasped
held_out,relative,20057,True,0.012395674362778664,0.00755620002746582,44,0.9695028463711424,0.5427892260691449,
held_out,relative,20058,True,0.01480938121676445,0.006238222122192383,53,1.2652593159782555,0.529558390175056,
held_out,relative,20059,True,0.01121625304222107,0.008124589920043945,50,1.4865188744061015,0.5548014095722238,
held_out,relative,20060,True,0.01352317538112402,0.007354736328125,43,1.284931080926981,0.5691328898193242,
held_out,relative,20061,True,0.013083122670650482,0.0068929195404052734,47,1.1974472334272832,0.52891764303313,
held_out,relative,20062,True,0.011274642311036587,0.0064640045166015625,55,1.419308359334991,0.5866434076977639,
held_out,relative,20063,True,0.012972213327884674,0.008638381958007812,43,1.118418908890817,0.5189268297608955,
held_out,relative,20064,True,0.011643657460808754,0.0071108341217041016,48,1.0652954074712397,0.5579023278336407,
held_out,relative,20065,True,0.012414675205945969,0.007810115814208984,53,1.3015123362119994,0.5246757778292651,
held_out,relative,20066,True,0.013508357107639313,0.008264780044555664,42,1.231682635946072,0.5367688553030732,
held_out,relative,20067,True,0.011392803862690926,0.006669282913208008,47,1.1595638079652417,0.5677591578442052,
held_out,relative,20068,True,0.011287239380180836,0.007836580276489258,41,1.2074842905731202,0.5877124052731308,
held_out,relative,20069,True,0.014663665555417538,0.00687718391418457,51,1.2970945547322117,0.531360705443237,
held_out,relative,20070,True,0.01365597639232874,0.007554292678833008,47,1.450996124861831,0.5851302962595101,
held_out,relative,20071,True,0.012399747036397457,0.006720781326293945,53,1.4267560770108503,0.5711662665527392,
held_out,relative,20072,True,0.014480739831924438,0.00560307502746582,44,1.2796846084047502,0.5642186618704198,
held_out,relative,20073,True,0.014706614427268505,0.006810665130615234,55,1.4055854461585113,0.5506404151941913,
held_out,relative,20074,True,0.02205047197639942,0.009105443954467773,41,1.023023385356737,0.5536010537742194,
held_out,relative,20075,True,0.014068099670112133,0.006470441818237305,39,0.9623915951242452,0.5677575321198121,
held_out,relative,20076,True,0.011652321554720402,0.0070269107818603516,48,1.4405961885904617,0.58320415382834,
held_out,relative,20077,True,0.014212791807949543,0.007437705993652344,42,1.160800023703814,0.536746798556582,
held_out,relative,20078,True,0.013785559684038162,0.0058307647705078125,48,1.2542005529167,0.5313031750333689,
held_out,relative,20079,True,0.012397613376379013,0.0077402591705322266,52,1.6375755888639105,0.566808001347238,
held_out,relative,20080,True,0.01328227948397398,0.0063707828521728516,46,1.1644891585892765,0.504042759310023,
held_out,relative,20081,True,0.013450917787849903,0.008055925369262695,56,1.6416649977004454,0.5715158386081707,
held_out,relative,20082,True,0.013619756326079369,0.005899190902709961,39,1.0712249306725425,0.5310938474946532,
held_out,relative,20083,True,0.01159308198839426,0.0060803890228271484,45,1.292495831567976,0.6128151530700382,
held_out,relative,20084,True,0.011643507517874241,0.0071277618408203125,50,1.5408301597112768,0.5494267023972735,
held_out,relative,20085,True,0.010006874799728394,0.007146596908569336,37,1.1019411154134104,0.6008144708104071,
held_out,relative,20086,True,0.01099703274667263,0.008141279220581055,42,1.1473557662443454,0.519075896541054,
held_out,relative,20087,True,0.01259948406368494,0.0075991153717041016,50,1.1754020313524052,0.5511421124848013,
held_out,relative,20088,True,0.015103650279343128,0.006900787353515625,53,1.489116161261336,0.57254269080561,
held_out,relative,20089,True,0.014676094055175781,0.00541996955871582,43,1.27725685175119,0.556810281253617,
held_out,relative,20090,True,0.01400307659059763,0.007501363754272461,45,1.2702628166002796,0.5692564577534046,
held_out,relative,20091,True,0.013440548442304134,0.005215883255004883,52,1.504010538872535,0.6231273989336615,
held_out,relative,20092,True,0.013981647789478302,0.006774187088012695,54,1.3753569117352527,0.5393942536073093,
held_out,relative,20093,True,0.011085445061326027,0.0068242549896240234,52,1.4637484826453147,0.6299269305668918,
held_out,relative,20094,True,0.012114150449633598,0.00590968132019043,52,1.3447388995055007,0.5721039100081152,
held_out,relative,20095,True,0.012700061313807964,0.005036115646362305,44,1.18224565260698,0.5736747205572588,
held_out,relative,20096,True,0.0154048977419734,0.009118080139160156,46,1.086729941524709,0.5197988986594964,
held_out,relative,20097,True,0.01492771040648222,0.005927085876464844,53,1.2101736961685674,0.49638972064599235,
held_out,relative,20098,True,0.012564857490360737,0.006435394287109375,49,1.2447759718597808,0.5258604935702433,
held_out,relative,20099,True,0.017445771023631096,0.006241321563720703,43,1.127577951877356,0.5345890028368083,
held_out,recurrent,20000,True,0.00908361654728651,1.2874603271484375e-05,44,1.2160981764318421,0.5086924644875153,
held_out,recurrent,20001,True,0.01236066222190857,0.004084348678588867,46,1.4361719713779166,0.6037636313180845,
held_out,recurrent,20002,True,0.010926516726613045,0.0027964115142822266,43,1.347090285969898,0.5939800326169997,
held_out,recurrent,20003,True,0.012983960099518299,0.0032732486724853516,48,1.0983964743791148,0.5170564332813519,
held_out,recurrent,20004,True,0.009098072536289692,0.0046656131744384766,44,1.0781740638631163,0.5722412417173474,
held_out,recurrent,20005,True,0.01154164969921112,0.003549337387084961,43,1.1819928562035784,0.5388028719072729,
held_out,recurrent,20006,True,0.01637302152812481,0.0035288333892822266,51,1.3421615640399978,0.5944736589614903,
held_out,recurrent,20007,True,0.012249423190951347,0.0004913806915283203,45,1.2880330861080438,0.5219364146297748,
held_out,recurrent,20008,True,0.010371526703238487,0.002417325973510742,49,1.215195689117536,0.48438853663126563,
held_out,recurrent,20009,True,0.013490818440914154,0.0009145736694335938,52,1.0617553115007468,0.5506388479979779,
held_out,recurrent,20010,True,0.013039560057222843,0.0017616748809814453,50,1.296435534954071,0.5523183083999741,
held_out,recurrent,20011,True,0.013040831312537193,0.00041413307189941406,50,1.2640935966628604,0.5365888057251663,
held_out,recurrent,20012,True,0.011742381379008293,0.0016179084777832031,77,2.0410803785780445,0.3730532039859877,
held_out,recurrent,20013,True,0.01130969263613224,0.0010895729064941406,52,1.4330799671588466,0.56727354004516,
held_out,recurrent,20014,True,0.0116871427744627,0.0028963088989257812,41,1.2162559763528407,0.5508927997005276,
held_out,recurrent,20015,True,0.007033908274024725,0.006155490875244141,44,1.2227649997221306,0.5593771355764049,
held_out,recurrent,20016,True,0.014322270639240742,0.0031044483184814453,55,1.457209157757461,0.5727678316076904,
held_out,recurrent,20017,True,0.011625600047409534,5.412101745605469e-05,48,1.2020500267972238,0.5342102800433803,
held_out,recurrent,20018,True,0.014985909685492516,0.002898693084716797,37,0.9821167994523421,0.5288960243805592,
held_out,recurrent,20019,True,0.01203604694455862,0.0066835880279541016,43,1.3038488811580464,0.5898402262618225,
held_out,recurrent,20020,True,0.012339165434241295,0.005632877349853516,53,1.1918748509488069,0.5288615335518003,
held_out,recurrent,20021,True,0.013687489554286003,0.0018515586853027344,39,1.0770564227132127,0.5116654554377056,
held_out,recurrent,20022,True,0.011622986756265163,0.00023674964904785156,48,1.2979372704867274,0.534760097681653,
held_out,recurrent,20023,True,0.010085567831993103,0.006468057632446289,40,1.2011146128643304,0.5641324652257712,
held_out,recurrent,20024,True,0.01168091967701912,0.012520790100097656,50,1.3184732968220487,0.508154422065726,
held_out,recurrent,20025,True,0.014754291623830795,0.0006630420684814453,54,1.3059473171597347,0.4941067472359395,
held_out,recurrent,20026,True,0.011989010497927666,0.004144430160522461,38,1.1032118763541803,0.5625871223296135,
held_out,recurrent,20027,True,0.012351260520517826,0.0011315345764160156,38,0.987530134851113,0.5155515277248393,
held_out,recurrent,20028,True,0.015128673054277897,0.003077268600463867,52,1.2457355306250975,0.5165269564763656,
held_out,recurrent,20029,True,0.011857126839458942,0.0021162033081054688,47,1.4382035222370178,0.5664136529089158,
held_out,recurrent,20030,True,0.011169430799782276,0.0029036998748779297,51,1.1953539146925323,0.5389112859944369,
held_out,recurrent,20031,True,0.009622175246477127,0.0035529136657714844,37,1.0863351950538345,0.5363049216410309,
held_out,recurrent,20032,True,0.012510744854807854,0.0019948482513427734,40,1.1649799011647701,0.5670447824808796,
held_out,recurrent,20033,True,0.015083195641636848,0.001298666000366211,52,1.223030948836822,0.5709526262625562,
held_out,recurrent,20034,True,0.014961720444262028,0.0037801265716552734,42,1.2717916097026318,0.5114294103164341,
held_out,recurrent,20035,True,0.009471592493355274,0.004309415817260742,37,1.0703894422622398,0.5735947857994903,
held_out,recurrent,20036,True,0.012243865989148617,0.0032503604888916016,59,1.4494784323032945,0.48720718597640994,
held_out,recurrent,20037,True,0.008019400760531425,0.006987094879150391,47,1.4896968568209559,0.6310832430603688,
held_out,recurrent,20038,True,0.013056344352662563,0.0023272037506103516,48,1.443328624474816,0.5724200429622995,
held_out,recurrent,20039,True,0.012794583104550838,0.012255191802978516,53,1.2296462228987366,0.5112371015382202,
held_out,recurrent,20040,True,0.007482647430151701,0.0029425621032714844,46,1.2928603442851454,0.5898426332034692,
held_out,recurrent,20041,True,0.008537801913917065,0.0029594898223876953,46,1.3016771217808127,0.590630823097561,
held_out,recurrent,20042,True,0.013805486261844635,0.0010936260223388672,40,1.182069570524618,0.5412105930611968,
held_out,recurrent,20043,True,0.010479855351150036,0.002942800521850586,36,1.0266775012714788,0.5694002588973615,
held_out,recurrent,20044,True,0.011189952492713928,0.013635873794555664,43,1.211412632605061,0.5332284950071837,
held_out,recurrent,20045,True,0.012146098539233208,0.0050144195556640625,47,1.3439925089478493,0.5740513646443621,
held_out,recurrent,20046,True,0.012463925406336784,0.0008099079132080078,42,1.2384512290591374,0.5412810599627949,
held_out,recurrent,20047,True,0.02152002975344658,0.09252715110778809,51,1.2194993593730032,0.5165699004374749,
held_out,recurrent,20048,True,0.013272590935230255,0.00023674964904785156,44,1.3301025774562731,0.5521188922029311,
held_out,recurrent,20049,True,0.011648845858871937,0.002907276153564453,62,1.7650781275006011,0.3350258501954609,
held_out,recurrent,20050,True,0.01275455392897129,0.0018241405487060547,46,1.1995687001617625,0.4918193722846612,
held_out,recurrent,20051,True,0.01384027861058712,0.002855062484741211,51,1.5436644572764635,0.593912239085741,
held_out,recurrent,20052,True,0.008596024475991726,0.0064089298248291016,47,1.2242213038844056,0.536234308469483,
held_out,recurrent,20053,True,0.01606893166899681,0.002190828323364258,42,1.2943573863012716,0.559461747702532,
held_out,recurrent,20054,True,0.008903619833290577,0.0071337223052978516,47,1.358559310552664,0.607655832965338,
held_out,recurrent,20055,True,0.014511235989630222,0.0024738311767578125,45,1.173377505154349,0.515533422292503,
held_out,recurrent,20056,True,0.01466137170791626,0.003468036651611328,49,1.0648629716597497,0.4853267481572928,
held_out,recurrent,20057,True,0.008179598487913609,0.004370212554931641,44,1.0274545980500989,0.5121741638533853,
held_out,recurrent,20058,True,0.005961418151855469,0.00790548324584961,47,1.2127997588831931,0.5524643962169267,
held_out,recurrent,20059,True,0.017965981736779213,0.0041043758392333984,49,1.4109310744097456,0.5845237813769453,
held_out,recurrent,20060,True,0.011757278814911842,0.0009090900421142578,44,1.3306793997762725,0.5495662887917208,
held_out,recurrent,20061,True,0.011895664967596531,0.007949590682983398,46,1.184804554679431,0.5345615577349504,
held_out,recurrent,20062,True,0.012658833526074886,0.002678394317626953,58,1.5019607690628618,0.554360612903168,
held_out,recurrent,20063,True,0.01137497927993536,0.002132892608642578,43,1.142096095951274,0.5081687791358255,
held_out,recurrent,20064,True,0.014785846695303917,0.0025916099548339844,50,1.0955663468921557,0.5424872618118084,
held_out,recurrent,20065,True,0.011557100340723991,0.0018372535705566406,54,1.2835147605510429,0.5320328354176791,
held_out,recurrent,20066,True,0.011040322482585907,0.002519369125366211,40,1.2141663280781358,0.5445126119087194,
held_out,recurrent,20067,True,0.012198480777442455,0.002580404281616211,52,1.2121334561379626,0.5431357147541953,
held_out,recurrent,20068,True,0.012520684860646725,0.0006718635559082031,43,1.248552419594489,0.5683810191747762,
held_out,recurrent,20069,True,0.011720155365765095,0.001169443130493164,51,1.2650940479943529,0.5448014546600459,
held_out,recurrent,20070,True,0.01157614216208458,0.0041577816009521484,45,1.4287839365424588,0.5942268601271988,
held_out,recurrent,20071,True,0.008957982994616032,0.008176088333129883,52,1.3228980066487566,0.6160073850682642,
held_out,recurrent,20072,True,0.007790825329720974,0.0040247440338134766,43,1.275223768723663,0.5661923460640579,
held_out,recurrent,20073,True,0.011735327541828156,0.0026798248291015625,53,1.364740518387407,0.5671203743391231,
held_out,recurrent,20074,True,0.01243680901825428,0.003023386001586914,45,1.1325629484490491,0.5000577009381455,
held_out,recurrent,20075,True,0.01107917819172144,0.0003192424774169922,40,1.0382866396103054,0.5262564846116773,
held_out,recurrent,20076,True,0.016849428415298462,0.0033180713653564453,47,1.4148956255521625,0.5937976384988534,
held_out,recurrent,20077,True,0.013067502528429031,0.002928018569946289,40,1.1575095895677805,0.5382726001605557,
held_out,recurrent,20078,True,0.010866480879485607,0.0014269351959228516,47,1.265716238762252,0.5264692950016078,
held_out,recurrent,20079,True,0.008986016735434532,0.0024993419647216797,48,1.5259206268237904,0.6082825870903996,
held_out,recurrent,20080,True,0.010476833209395409,0.002948760986328125,44,1.1653339666081592,0.5036773538750777,
held_out,recurrent,20081,True,0.011553598567843437,0.0008778572082519531,53,1.5827117394655943,0.5928038091075564,
held_out,recurrent,20082,True,0.012008449994027615,0.0017158985137939453,40,1.1265147732774494,0.5050275268986234,
held_out,recurrent,20083,True,0.01721351593732834,0.0052373409271240234,46,1.3500663720769808,0.5866830307358787,
held_out,recurrent,20084,True,0.017498431727290154,0.003943681716918945,47,1.479048550943844,0.5723769061294145,
held_out,recurrent,20085,True,0.013920414261519909,0.0021512508392333984,41,1.2022234637988731,0.5506980923740298,
held_out,recurrent,20086,True,0.0157012976706028,0.003091096878051758,41,1.1368366552051157,0.5238788882184449,
held_out,recurrent,20087,True,0.013696601614356041,0.021831750869750977,47,1.200264005921781,0.5397258897895402,
held_out,recurrent,20088,True,0.013463844545185566,0.004025697708129883,54,1.4772720807231963,0.5771330718396205,
held_out,recurrent,20089,True,0.009027146734297276,0.0018155574798583984,40,1.2488038345472887,0.5694967673722007,
held_out,recurrent,20090,True,0.013480741530656815,0.003332376480102539,44,1.268403798690997,0.5700907803492771,
held_out,recurrent,20091,True,0.024195369333028793,0.009545087814331055,49,1.510342103370931,0.6205151620713901,
held_out,recurrent,20092,True,0.010373959317803383,0.000997781753540039,54,1.4116220697760582,0.5255369909077579,
held_out,recurrent,20093,True,0.012150636874139309,0.0007226467132568359,57,1.5845467802137136,0.5819043024216346,
held_out,recurrent,20094,True,0.012828719802200794,0.0017173290252685547,53,1.401136128930375,0.5490761150627188,
held_out,recurrent,20095,True,0.013025016523897648,0.002477884292602539,48,1.2619370854226872,0.5374471138251486,
held_out,recurrent,20096,True,0.013252929784357548,0.0029392242431640625,46,1.1284871173556894,0.500564887323208,
held_out,recurrent,20097,True,0.010306712239980698,0.015562295913696289,51,1.1949189134757034,0.5027268178615684,
held_out,recurrent,20098,True,0.0106648039072752,0.003890514373779297,45,1.1873329686932266,0.5513015507915947,
held_out,recurrent,20099,True,0.013677678070962429,0.0038580894470214844,41,1.1773146389750764,0.5120048226357334,
spatial_ood,replay,30000,False,0.23161280155181885,1.4021207094192505,180,1.4976563233067282,,never_grasped
spatial_ood,replay,30001,False,0.6275341510772705,0.3643975257873535,180,1.4976563233067282,,never_grasped
spatial_ood,replay,30002,False,0.3081299662590027,0.92439866065979,180,1.4976563233067282,,never_grasped
spatial_ood,replay,30003,False,0.7736240029335022,2.3638603687286377,180,1.4976563233067282,,never_grasped
spatial_ood,replay,30004,False,0.4028456211090088,1.0329596996307373,180,1.4976563233067282,,never_grasped
spatial_ood,replay,30005,False,0.4212176501750946,0.7231528759002686,180,1.4976563233067282,,never_grasped
spatial_ood,replay,30006,False,0.4877721071243286,2.9397170543670654,180,1.4976563233067282,,never_grasped
spatial_ood,replay,30007,False,0.5255367755889893,2.580583095550537,180,1.4976563233067282,,never_grasped
spatial_ood,replay,30008,False,0.3825174570083618,0.4829995632171631,180,1.4976563233067282,,never_grasped
spatial_ood,replay,30009,False,0.3209100663661957,0.9950573444366455,180,1.4976563233067282,,never_grasped
spatial_ood,replay,30010,False,0.36461761593818665,2.893389940261841,180,1.4976563233067282,,never_grasped
spatial_ood,replay,30011,False,0.4069344997406006,1.1180508136749268,180,1.4976563233067282,,never_grasped
spatial_ood,replay,30012,False,0.47129952907562256,1.0580759048461914,180,1.4976563233067282,,never_grasped
spatial_ood,replay,30013,False,0.4101400673389435,2.0390985012054443,180,1.4976563233067282,,never_grasped
spatial_ood,replay,30014,False,0.6680040955543518,0.9142043590545654,180,1.4976563233067282,,never_grasped
spatial_ood,replay,30015,False,0.46087390184402466,3.047313928604126,180,1.4976563233067282,,never_grasped
spatial_ood,replay,30016,False,0.299721896648407,0.9980356693267822,180,1.4976563233067282,,never_grasped
spatial_ood,replay,30017,False,0.3129029870033264,2.964823007583618,180,1.4976563233067282,,never_grasped
spatial_ood,replay,30018,False,0.6053903698921204,1.2903611660003662,180,1.4976563233067282,,never_grasped
spatial_ood,replay,30019,False,0.7934828996658325,1.607529878616333,180,1.4976563233067282,,never_grasped
spatial_ood,replay,30020,False,0.43670108914375305,1.8636431694030762,180,1.4976563233067282,,never_grasped
spatial_ood,replay,30021,False,0.24952124059200287,2.555354118347168,180,1.4976563233067282,,never_grasped
spatial_ood,replay,30022,False,0.31248602271080017,1.8594954013824463,180,1.4976563233067282,,never_grasped
spatial_ood,replay,30023,False,0.39340513944625854,0.2692687511444092,180,1.4976563233067282,,never_grasped
spatial_ood,replay,30024,False,0.5623852014541626,1.6136267185211182,180,1.4976563233067282,,never_grasped
spatial_ood,replay,30025,False,0.6136535406112671,1.7755414247512817,180,1.4976563233067282,,never_grasped
spatial_ood,replay,30026,False,0.6839869022369385,2.137483835220337,180,1.4976563233067282,,never_grasped
spatial_ood,replay,30027,False,0.3951130211353302,0.48565220832824707,180,1.4976563233067282,,never_grasped
spatial_ood,replay,30028,False,0.3589666187763214,0.4680004119873047,180,1.4976563233067282,,never_grasped
spatial_ood,replay,30029,False,0.6067628860473633,1.7064924240112305,180,1.4976563233067282,,never_grasped
spatial_ood,replay,30030,False,0.5455241799354553,0.043779850006103516,180,1.4976563233067282,,never_grasped
spatial_ood,replay,30031,False,0.7834668159484863,1.984508752822876,180,1.4976563233067282,,never_grasped
spatial_ood,replay,30032,False,0.5390499234199524,2.2420127391815186,180,1.4976563233067282,,never_grasped
spatial_ood,replay,30033,False,0.629051923751831,2.3330633640289307,180,1.4976563233067282,,never_grasped
spatial_ood,replay,30034,False,0.3064306974411011,2.353400945663452,180,1.4976563233067282,,never_grasped
spatial_ood,replay,30035,False,0.5634413361549377,2.7933692932128906,180,1.4976563233067282,,never_grasped
spatial_ood,replay,30036,False,0.6975710988044739,1.3781020641326904,180,1.4976563233067282,,never_grasped
spatial_ood,replay,30037,False,0.3933912515640259,2.757523775100708,180,1.4976563233067282,,never_grasped
spatial_ood,replay,30038,False,0.46874237060546875,0.7187378406524658,180,1.4976563233067282,,never_grasped
spatial_ood,replay,30039,False,0.5695194005966187,0.7338063716888428,180,1.4976563233067282,,never_grasped
spatial_ood,replay,30040,False,0.346444308757782,2.778521776199341,180,1.4976563233067282,,never_grasped
spatial_ood,replay,30041,False,0.4246107339859009,0.3769676685333252,180,1.4976563233067282,,never_grasped
spatial_ood,replay,30042,False,0.5502514243125916,2.7609150409698486,180,1.4976563233067282,,never_grasped
spatial_ood,replay,30043,False,0.47832515835762024,1.7154877185821533,180,1.4976563233067282,,never_grasped
spatial_ood,replay,30044,False,0.3267776668071747,2.09450626373291,180,1.4976563233067282,,never_grasped
spatial_ood,replay,30045,False,0.589665949344635,0.134779691696167,180,1.4976563233067282,,never_grasped
spatial_ood,replay,30046,False,0.4741513729095459,2.9020774364471436,180,1.4976563233067282,,never_grasped
spatial_ood,replay,30047,False,0.2286076694726944,0.9965031147003174,180,1.4976563233067282,,never_grasped
spatial_ood,replay,30048,False,0.6902458667755127,2.279029130935669,180,1.4976563233067282,,never_grasped
spatial_ood,replay,30049,False,0.3409675359725952,1.3263227939605713,180,1.4976563233067282,,never_grasped
spatial_ood,replay,30050,False,0.6000682711601257,2.8225347995758057,180,1.4976563233067282,,never_grasped
spatial_ood,replay,30051,False,0.5540867447853088,0.5581588745117188,180,1.4976563233067282,,never_grasped
spatial_ood,replay,30052,False,0.544298529624939,1.1268150806427002,180,1.4976563233067282,,never_grasped
spatial_ood,replay,30053,False,0.5878297090530396,2.6295347213745117,180,1.4976563233067282,,never_grasped
spatial_ood,replay,30054,False,0.6862360835075378,0.6875643730163574,180,1.4976563233067282,,never_grasped
spatial_ood,replay,30055,False,0.36544132232666016,1.159771203994751,180,1.4976563233067282,,never_grasped
spatial_ood,replay,30056,False,0.8583070635795593,0.9066855907440186,180,1.4976563233067282,,never_grasped
spatial_ood,replay,30057,False,0.36698171496391296,1.0562770366668701,180,1.4976563233067282,,never_grasped
spatial_ood,replay,30058,False,0.40797773003578186,2.2322466373443604,180,1.4976563233067282,,never_grasped
spatial_ood,replay,30059,False,0.3320061266422272,2.8381855487823486,180,1.4976563233067282,,never_grasped
spatial_ood,replay,30060,False,0.5604769587516785,0.054602861404418945,180,1.4976563233067282,,never_grasped
spatial_ood,replay,30061,False,0.4965185523033142,3.1170036792755127,180,1.4976563233067282,,never_grasped
spatial_ood,replay,30062,False,0.745633065700531,0.5166127681732178,180,1.4976563233067282,,never_grasped
spatial_ood,replay,30063,False,0.4832421839237213,0.6533658504486084,180,1.4976563233067282,,never_grasped
spatial_ood,replay,30064,False,0.46723631024360657,0.61332106590271,180,1.4976563233067282,,never_grasped
spatial_ood,replay,30065,False,0.33986082673072815,1.6855380535125732,180,1.4976563233067282,,never_grasped
spatial_ood,replay,30066,False,0.41077736020088196,2.1339142322540283,180,1.4976563233067282,,never_grasped
spatial_ood,replay,30067,False,0.745163083076477,1.5971271991729736,180,1.4976563233067282,,never_grasped
spatial_ood,replay,30068,False,0.6518142819404602,1.9563734531402588,180,1.4976563233067282,,never_grasped
spatial_ood,replay,30069,False,0.40110376477241516,0.18927264213562012,180,1.4976563233067282,,never_grasped
spatial_ood,replay,30070,False,0.6070983409881592,0.8538224697113037,180,1.4976563233067282,,never_grasped
spatial_ood,replay,30071,False,0.4291870892047882,2.1473422050476074,180,1.4976563233067282,,never_grasped
spatial_ood,replay,30072,False,0.6559687852859497,2.7402355670928955,180,1.4976563233067282,,never_grasped
spatial_ood,replay,30073,False,0.4042421281337738,0.38622617721557617,180,1.4976563233067282,,never_grasped
spatial_ood,replay,30074,False,0.22292862832546234,2.003344774246216,180,1.4976563233067282,,never_grasped
spatial_ood,replay,30075,False,0.31698891520500183,1.5642998218536377,180,1.4976563233067282,,never_grasped
spatial_ood,replay,30076,False,0.28766995668411255,2.779646158218384,180,1.4976563233067282,,never_grasped
spatial_ood,replay,30077,False,0.38792717456817627,1.2372167110443115,180,1.4976563233067282,,never_grasped
spatial_ood,replay,30078,False,0.6066998243331909,2.032137870788574,180,1.4976563233067282,,never_grasped
spatial_ood,replay,30079,False,0.3367173373699188,1.3719112873077393,180,1.4976563233067282,,never_grasped
spatial_ood,replay,30080,False,0.7059529423713684,0.7352926731109619,180,1.4976563233067282,,never_grasped
spatial_ood,replay,30081,False,0.6886500120162964,1.380739450454712,180,1.4976563233067282,,never_grasped
spatial_ood,replay,30082,False,0.27521470189094543,2.17958664894104,180,1.4976563233067282,,never_grasped
spatial_ood,replay,30083,False,0.4191785156726837,1.3203089237213135,180,1.4976563233067282,,never_grasped
spatial_ood,replay,30084,False,0.30925580859184265,1.9751012325286865,180,1.4976563233067282,,never_grasped
spatial_ood,replay,30085,False,0.22045181691646576,0.9776604175567627,180,1.4976563233067282,,never_grasped
spatial_ood,replay,30086,False,0.540726900100708,1.3956339359283447,180,1.4976563233067282,,never_grasped
spatial_ood,replay,30087,False,0.7107165455818176,2.6852774620056152,180,1.4976563233067282,,never_grasped
spatial_ood,replay,30088,False,0.31940001249313354,0.7387378215789795,180,1.4976563233067282,,never_grasped
spatial_ood,replay,30089,False,0.41616687178611755,1.0811645984649658,180,1.4976563233067282,,never_grasped
spatial_ood,replay,30090,False,0.5278611779212952,0.8398764133453369,180,1.4976563233067282,,never_grasped
spatial_ood,replay,30091,False,0.5443583726882935,2.3721725940704346,180,1.4976563233067282,,never_grasped
spatial_ood,replay,30092,False,0.2312636822462082,2.4556119441986084,180,1.4976563233067282,,never_grasped
spatial_ood,replay,30093,False,0.25807127356529236,0.18269610404968262,180,1.4976563233067282,,never_grasped
spatial_ood,replay,30094,False,0.42248106002807617,0.6654698848724365,180,1.4976563233067282,,never_grasped
spatial_ood,replay,30095,False,0.27556124329566956,0.3636207580566406,180,1.4976563233067282,,never_grasped
spatial_ood,replay,30096,False,0.5902711153030396,1.1188876628875732,180,1.4976563233067282,,never_grasped
spatial_ood,replay,30097,False,0.7313709259033203,1.3150696754455566,180,1.4976563233067282,,never_grasped
spatial_ood,replay,30098,False,0.4059677720069885,0.4687368869781494,180,1.4976563233067282,,never_grasped
spatial_ood,replay,30099,False,0.6976644396781921,1.559255838394165,180,1.4976563233067282,,never_grasped
spatial_ood,absolute,30000,False,0.19676613807678223,0.06015467643737793,180,0.7710609268054043,,placement_or_release
spatial_ood,absolute,30001,False,0.6275341510772705,0.3643975257873535,180,0.4661989370157471,,never_grasped
spatial_ood,absolute,30002,False,0.3081299662590027,0.92439866065979,180,0.5339144811600747,,never_grasped
spatial_ood,absolute,30003,False,0.7736240029335022,2.3638603687286377,180,0.48652145555675474,,never_grasped
spatial_ood,absolute,30004,False,0.0811891183257103,0.028319835662841797,180,1.2460411857780969,,placement_or_release
spatial_ood,absolute,30005,False,0.429982453584671,0.5256292819976807,180,1.1963289430554873,,placement_or_release
spatial_ood,absolute,30006,True,0.037314001470804214,0.01638960838317871,43,1.3524043074576184,0.7099123288395076,
spatial_ood,absolute,30007,True,0.03277599811553955,0.0158689022064209,42,1.3407348812324926,0.7438016238283647,
spatial_ood,absolute,30008,False,0.3825174570083618,0.4829995632171631,180,0.4497042838051115,,never_grasped
spatial_ood,absolute,30009,False,0.3209100663661957,0.9950573444366455,180,0.45923294998629416,,never_grasped
spatial_ood,absolute,30010,False,0.36461761593818665,2.893389940261841,180,0.5201245157054757,,never_grasped
spatial_ood,absolute,30011,False,0.061674345284700394,0.031263113021850586,180,1.0954398665712475,,placement_or_release
spatial_ood,absolute,30012,True,0.01263166032731533,0.0024254322052001953,46,1.3753973566781497,0.6599226258103597,
spatial_ood,absolute,30013,False,0.21959371864795685,0.06917190551757812,180,1.3426329738460865,,placement_or_release
spatial_ood,absolute,30014,False,0.6680040955543518,0.9142043590545654,180,0.591007569417684,,never_grasped
spatial_ood,absolute,30015,True,0.04378638043999672,0.010213375091552734,57,1.5655044147279114,0.4792814436424963,
spatial_ood,absolute,30016,False,0.20191386342048645,0.06727051734924316,180,1.2379271294515206,,placement_or_release
spatial_ood,absolute,30017,True,0.023706335574388504,0.020926475524902344,46,1.0725427126162685,0.5559250816465081,
spatial_ood,absolute,30018,False,0.40078428387641907,0.36479973793029785,180,1.6160383498413182,,placement_or_release
spatial_ood,absolute,30019,False,0.7934828996658325,1.607529878616333,180,0.4886369639118584,,never_grasped
spatial_ood,absolute,30020,False,0.43670108914375305,1.8636431694030762,180,0.37073783822433626,,never_grasped
spatial_ood,absolute,30021,False,0.24952124059200287,2.555354118347168,180,0.6172124916214656,,never_grasped
spatial_ood,absolute,30022,True,0.036765825003385544,0.00508570671081543,49,1.2459090200718492,0.5450926577074138,
spatial_ood,absolute,30023,False,0.39340513944625854,0.2692687511444092,180,0.4275165634517961,,never_grasped
spatial_ood,absolute,30024,False,0.5209283828735352,0.8685567378997803,180,1.4061486730662907,,placement_or_release
spatial_ood,absolute,30025,True,0.023410169407725334,0.02317047119140625,64,1.7848403544339817,0.6104845669034518,
spatial_ood,absolute,30026,False,0.5179234743118286,0.8551154136657715,180,1.5152916022638863,,placement_or_release
spatial_ood,absolute,30027,False,0.3951130211353302,0.48565220832824707,180,0.3917577181998695,,never_grasped
spatial_ood,absolute,30028,False,0.3589666187763214,0.4680004119873047,180,0.5141615970117144,,never_grasped
spatial_ood,absolute,30029,True,0.039827313274145126,0.0413355827331543,67,1.6220591107849032,0.5707426219009882,
spatial_ood,absolute,30030,False,0.5455241799354553,0.043779850006103516,180,0.5129659591797715,,never_grasped
spatial_ood,absolute,30031,False,0.7834668159484863,1.984508752822876,180,1.2606111822510826,,never_grasped
spatial_ood,absolute,30032,False,0.5218800902366638,0.7630841732025146,180,1.4160917614854895,,placement_or_release
spatial_ood,absolute,30033,False,0.08551330119371414,0.023113250732421875,180,1.3866251249213626,,placement_or_release
spatial_ood,absolute,30034,False,0.3064306974411011,2.353400945663452,180,0.33400034381558186,,never_grasped
spatial_ood,absolute,30035,False,0.5634413361549377,2.7933692932128906,180,0.41389525808897787,,never_grasped
spatial_ood,absolute,30036,True,0.02680218406021595,0.016002416610717773,50,1.6100430157966912,0.6464483377996187,
spatial_ood,absolute,30037,True,0.033140525221824646,0.015419483184814453,52,1.3131730157183483,0.5273843097541692,
spatial_ood,absolute,30038,False,0.46874237060546875,0.7187378406524658,180,0.5924870791933969,,never_grasped
spatial_ood,absolute,30039,True,0.009148343466222286,0.010361194610595703,79,1.6333721076953225,0.5847991330179285,
spatial_ood,absolute,30040,True,0.02188517339527607,0.046410322189331055,56,1.3905946743907407,0.5614831761999064,
spatial_ood,absolute,30041,False,0.19935263693332672,0.05024147033691406,180,2.516476680058986,,placement_or_release
spatial_ood,absolute,30042,False,0.5502514243125916,2.7609150409698486,180,0.349400176300378,,never_grasped
spatial_ood,absolute,30043,True,0.010068871080875397,0.011121988296508789,64,1.4742162925249431,0.5897572235062314,
spatial_ood,absolute,30044,False,0.14095084369182587,0.00751185417175293,180,1.111891663986171,,placement_or_release
spatial_ood,absolute,30045,False,0.589665949344635,0.134779691696167,180,0.5667642232312975,,never_grasped
spatial_ood,absolute,30046,True,0.011003907769918442,0.011194229125976562,64,1.499301301810192,0.5592444571343695,
spatial_ood,absolute,30047,True,0.05231479927897453,0.03677725791931152,34,0.9959027182485443,0.6946539996481861,
spatial_ood,absolute,30048,False,0.6902458667755127,2.279029130935669,180,0.3970373947326067,,never_grasped
spatial_ood,absolute,30049,True,0.013123354874551296,0.023531675338745117,44,1.2857733723940328,0.6122946486432739,
spatial_ood,absolute,30050,False,0.6000682711601257,2.8225347995758057,180,0.4408832309524371,,never_grasped
spatial_ood,absolute,30051,False,0.5540867447853088,0.5581588745117188,180,0.4254946241625248,,never_grasped
spatial_ood,absolute,30052,True,0.023306328803300858,5.888938903808594e-05,70,1.6799595876946114,0.6571297680306328,
spatial_ood,absolute,30053,False,0.0768621638417244,0.012145280838012695,180,1.6705886216998138,,placement_or_release
spatial_ood,absolute,30054,False,0.6862360835075378,0.6875643730163574,180,0.5362275492049804,,never_grasped
spatial_ood,absolute,30055,False,0.36544132232666016,1.159771203994751,180,0.5353198329610791,,never_grasped
spatial_ood,absolute,30056,False,0.8583070635795593,0.9066855907440186,180,0.5859040866329082,,never_grasped
spatial_ood,absolute,30057,False,0.36698171496391296,1.0562770366668701,180,0.5231617343053863,,never_grasped
spatial_ood,absolute,30058,False,0.40797773003578186,2.2322466373443604,180,0.4848335359073701,,never_grasped
spatial_ood,absolute,30059,False,0.5183054208755493,0.9459364414215088,180,1.6345100078324322,,placement_or_release
spatial_ood,absolute,30060,False,0.5604769587516785,0.054602861404418945,180,0.45314923672422935,,never_grasped
spatial_ood,absolute,30061,True,0.02092844434082508,0.00467681884765625,58,1.4821153543307446,0.6061596862496829,
spatial_ood,absolute,30062,False,0.745633065700531,0.5166127681732178,180,0.5828759811431041,,never_grasped
spatial_ood,absolute,30063,False,0.4832421839237213,0.6533658504486084,180,0.496252963465766,,never_grasped
spatial_ood,absolute,30064,False,0.46723631024360657,0.61332106590271,180,0.5052319767607116,,never_grasped
spatial_ood,absolute,30065,True,0.04494223743677139,0.02493119239807129,41,1.1669795683410484,0.6604627450316042,
spatial_ood,absolute,30066,False,0.41077736020088196,2.1339142322540283,180,0.33564311058225726,,never_grasped
spatial_ood,absolute,30067,False,0.516772449016571,0.8849024772644043,180,1.548310661688447,,placement_or_release
spatial_ood,absolute,30068,False,0.6518142819404602,1.9563734531402588,180,0.5938748763903448,,never_grasped
spatial_ood,absolute,30069,True,0.029668329283595085,0.0005481243133544922,41,1.2139650655444711,0.628810961317776,
spatial_ood,absolute,30070,False,0.39306938648223877,0.31206393241882324,180,1.4123053966177395,,placement_or_release
spatial_ood,absolute,30071,True,0.04527748003602028,0.005558013916015625,39,1.1848464024369605,0.6971419859895907,
spatial_ood,absolute,30072,True,0.05138492211699486,0.09993910789489746,48,1.5501126539893448,0.6568044472607234,
spatial_ood,absolute,30073,True,0.03047221712768078,0.0042266845703125,40,1.1775347695220262,0.6853220177883983,
spatial_ood,absolute,30074,False,0.22292862832546234,2.003344774246216,180,0.54590426690649,,never_grasped
spatial_ood,absolute,30075,True,0.02693154849112034,0.003371715545654297,48,1.302386554016266,0.5633388603137192,
spatial_ood,absolute,30076,True,0.019346462562680244,0.00785374641418457,53,1.2405466003110632,0.5780686707680004,
spatial_ood,absolute,30077,True,0.00833916012197733,0.00027060508728027344,67,1.4145320325042121,0.6118616806485219,
spatial_ood,absolute,30078,True,0.03658318519592285,0.011115312576293945,48,1.5120895946456585,0.6273693575805268,
spatial_ood,absolute,30079,True,0.052795689553022385,0.007300138473510742,38,1.0831266674213111,0.6751927824121041,
spatial_ood,absolute,30080,False,0.46064531803131104,0.33339452743530273,180,2.273608174175024,,placement_or_release
spatial_ood,absolute,30081,False,0.6886500120162964,1.380739450454712,180,1.1040409085392824,,never_grasped
spatial_ood,absolute,30082,True,0.04169932380318642,0.0036673545837402344,62,1.531967192539014,0.5524943649444222,
spatial_ood,absolute,30083,True,0.04436996951699257,0.012911558151245117,39,1.1918945100042038,0.7620292652508257,
spatial_ood,absolute,30084,True,0.01625170186161995,0.02289438247680664,39,1.0066877724602818,0.5899033276443206,
spatial_ood,absolute,30085,False,0.22045181691646576,0.9776604175567627,180,0.3333232741799854,,never_grasped
spatial_ood,absolute,30086,False,0.35449671745300293,0.39841127395629883,180,1.3542039299360056,,placement_or_release
spatial_ood,absolute,30087,True,0.013986906968057156,0.01225590705871582,87,1.9576587232295424,0.6382986123833703,
spatial_ood,absolute,30088,False,0.31940001249313354,0.7387378215789795,180,0.5137136526532373,,never_grasped
spatial_ood,absolute,30089,False,0.08140125870704651,0.019553422927856445,180,1.24670830486577,,placement_or_release
spatial_ood,absolute,30090,False,0.5278611779212952,0.8398764133453369,180,0.5764923472170338,,never_grasped
spatial_ood,absolute,30091,True,0.018007248640060425,0.024526596069335938,50,1.4093776847003028,0.6141364585297232,
spatial_ood,absolute,30092,False,0.07069305330514908,0.02010488510131836,180,1.0249192955575523,,placement_or_release
spatial_ood,absolute,30093,False,0.25807127356529236,0.18269610404968262,180,0.515812693872796,,never_grasped
spatial_ood,absolute,30094,True,0.006494112778455019,0.0052106380462646484,47,1.2708279237849638,0.6063345782110439,
spatial_ood,absolute,30095,False,0.27556124329566956,0.3636207580566406,180,0.40648341900114104,,never_grasped
spatial_ood,absolute,30096,False,0.5902711153030396,1.1188876628875732,180,0.5288907987267564,,never_grasped
spatial_ood,absolute,30097,True,0.02471696399152279,0.09821009635925293,65,1.9674725185032003,0.6302639850791157,
spatial_ood,absolute,30098,False,0.4059677720069885,0.4687368869781494,180,0.5844823743627217,,never_grasped
spatial_ood,absolute,30099,True,0.02328493632376194,0.003593921661376953,80,1.756490703264717,0.6799573697162649,
spatial_ood,relative,30000,True,0.016014615073800087,0.005750894546508789,45,1.1122417742899415,0.5096523398051703,
spatial_ood,relative,30001,True,0.014015648514032364,0.008595943450927734,54,1.7564370327354482,0.5939551599466484,
spatial_ood,relative,30002,True,0.01474177185446024,0.006792306900024414,47,1.3669968778713155,0.5856119581235847,
spatial_ood,relative,30003,True,0.012375242076814175,0.007400035858154297,61,1.9745512099348161,0.6263111747468815,
spatial_ood,relative,30004,True,0.013652937486767769,0.008813619613647461,44,1.3790714793046845,0.6154664068518249,
spatial_ood,relative,30005,True,0.016148941591382027,0.00588679313659668,60,1.7113619204246788,0.538921358300937,
spatial_ood,relative,30006,True,0.016530117020010948,0.005876779556274414,48,1.5382383140722595,0.6241480807340746,
spatial_ood,relative,30007,False,0.5255367755889893,2.580583095550537,180,0.5273175011831341,,never_grasped
spatial_ood,relative,30008,True,0.013310304842889309,0.006029844284057617,52,1.4569600171689672,0.5544413387725746,
spatial_ood,relative,30009,True,0.01468548271805048,0.006415367126464844,39,1.1786037120191395,0.5872527866566668,
spatial_ood,relative,30010,False,0.36461761593818665,2.893389940261841,180,0.5355907096652572,,never_grasped
spatial_ood,relative,30011,True,0.012253232300281525,0.0059528350830078125,44,1.2676789149145407,0.5832305942121301,
spatial_ood,relative,30012,True,0.01264746580272913,0.006690263748168945,49,1.5341873841698543,0.5916199315136482,
spatial_ood,relative,30013,True,0.013700323179364204,0.007901191711425781,48,1.433773263418061,0.6104858306227431,
spatial_ood,relative,30014,True,0.012400987558066845,0.007955551147460938,52,1.7648604271253134,0.6453026141109411,
spatial_ood,relative,30015,True,0.015691563487052917,0.005690813064575195,45,1.2848472945388494,0.5839738458481905,
spatial_ood,relative,30016,True,0.01429062057286501,0.005631685256958008,40,1.1732883307468,0.5885182291569316,
spatial_ood,relative,30017,True,0.013388263992965221,0.006031513214111328,57,1.1038349958289473,0.5401653302655057,
spatial_ood,relative,30018,True,0.012811546213924885,0.006067514419555664,65,1.869693933956114,0.5638489534626088,
spatial_ood,relative,30019,True,0.013729999773204327,0.008360862731933594,57,1.9521638206729222,0.6421392542073396,
spatial_ood,relative,30020,True,0.015118543989956379,0.0064008235931396484,57,1.346915228805301,0.5606574568314813,
spatial_ood,relative,30021,True,0.012780539691448212,0.00751042366027832,50,1.3322374092472273,0.5197902091440801,
spatial_ood,relative,30022,True,0.014467882923781872,0.005586385726928711,46,1.2377836599434886,0.5486708873209798,
spatial_ood,relative,30023,True,0.01237464603036642,0.005784273147583008,43,1.3372530327433196,0.6113952239669079,
spatial_ood,relative,30024,True,0.013843171298503876,0.008071660995483398,50,1.5546874653164195,0.621062709535862,
spatial_ood,relative,30025,True,0.015480775386095047,0.0062863826751708984,55,1.768534050071139,0.6161133797365128,
spatial_ood,relative,30026,True,0.015166282653808594,0.006979465484619141,57,1.753083362788857,0.6310673690293765,
spatial_ood,relative,30027,True,0.013454360887408257,0.008859872817993164,48,1.308102292603735,0.5851294473750569,
spatial_ood,relative,30028,True,0.012388858012855053,0.007827997207641602,51,1.3882576701148537,0.5682725025726431,
spatial_ood,relative,30029,True,0.01424385141581297,0.007096767425537109,49,1.536280816888393,0.6026100564367176,
spatial_ood,relative,30030,True,0.012207873165607452,0.006057262420654297,49,1.5903834027722041,0.6319626676086921,
spatial_ood,relative,30031,True,0.01339003350585699,0.0059795379638671875,59,1.7994623416443574,0.7071401243113191,
spatial_ood,relative,30032,True,0.013791241683065891,0.008823394775390625,50,1.5496939038727078,0.619702433201067,
spatial_ood,relative,30033,True,0.011709542945027351,0.006738185882568359,50,1.5056230681366287,0.6609093423768063,
spatial_ood,relative,30034,True,0.013879244215786457,0.005796909332275391,50,1.0867242834974604,0.5556582055018939,
spatial_ood,relative,30035,True,0.015471433289349079,0.006161928176879883,56,1.647638527793788,0.5725937739371064,
spatial_ood,relative,30036,True,0.01151515357196331,0.006639242172241211,73,1.9310464101649814,0.5389873727885874,
spatial_ood,relative,30037,True,0.013130293227732182,0.005122661590576172,40,1.1141388573596487,0.6215983222447333,
spatial_ood,relative,30038,True,0.012749590910971165,0.0063152313232421875,49,1.6264342802028295,0.6458204516898055,
spatial_ood,relative,30039,True,0.013921319507062435,0.005758762359619141,59,1.7012153250252595,0.5614777732276239,
spatial_ood,relative,30040,True,0.012399567291140556,0.008232831954956055,41,1.2444498444097007,0.6274222445292318,
spatial_ood,relative,30041,True,0.01412821002304554,0.0056917667388916016,57,1.5079090730232565,0.5677004877057742,
spatial_ood,relative,30042,True,0.013676793314516544,0.008157014846801758,57,1.5661586462924788,0.5672489997529305,
spatial_ood,relative,30043,True,0.014574022963643074,0.0072247982025146484,46,1.3868351291175713,0.6269164151331886,
spatial_ood,relative,30044,False,0.3267776668071747,2.09450626373291,180,0.5707758737257151,,never_grasped
spatial_ood,relative,30045,False,0.589665949344635,0.134779691696167,180,0.6009851649371285,,never_grasped
spatial_ood,relative,30046,False,0.4741513729095459,2.9020774364471436,180,0.442913549570882,,never_grasped
spatial_ood,relative,30047,True,0.03326256945729256,0.0010402202606201172,44,1.1616112385063389,0.5955588096594303,
spatial_ood,relative,30048,True,0.013538544066250324,0.005914449691772461,61,1.8781774976832821,0.5884477648940023,
spatial_ood,relative,30049,True,0.012779726646840572,0.005541563034057617,46,1.3799886847173184,0.5704917467828,
spatial_ood,relative,30050,True,0.012360133230686188,0.008121490478515625,56,1.5899293138181747,0.631439942068158,
spatial_ood,relative,30051,True,0.013416011817753315,0.008460044860839844,53,1.5580066370544046,0.5876210966078751,
spatial_ood,relative,30052,True,0.013766024261713028,0.0076596736907958984,51,1.7113078540310198,0.6450922617822491,
spatial_ood,relative,30053,True,0.014659164473414421,0.0063860416412353516,46,1.4656855270750384,0.6136703016469128,
spatial_ood,relative,30054,True,0.016138995066285133,0.0058362483978271484,58,1.8944374620077724,0.6255174224709537,
spatial_ood,relative,30055,True,0.014708123169839382,0.00655674934387207,53,1.4738323498086174,0.5597248709868503,
spatial_ood,relative,30056,True,0.012286449782550335,0.008349180221557617,53,1.9870384887094588,0.7022573810206623,
spatial_ood,relative,30057,True,0.013819623738527298,0.007819890975952148,50,1.4065804221022518,0.5962146693941848,
spatial_ood,relative,30058,True,0.013023892417550087,0.0052165985107421875,42,1.2767199072859512,0.6726490534679355,
spatial_ood,relative,30059,False,0.3320061266422272,2.8381855487823486,180,0.6494144585416421,,never_grasped
spatial_ood,relative,30060,True,0.016037266701459885,0.00582432746887207,54,1.5797390453108164,0.6149686737211603,
spatial_ood,relative,30061,True,0.01231777761131525,0.007827043533325195,44,1.4081988092652864,0.6379770897801654,
spatial_ood,relative,30062,True,0.013094496913254261,0.005377531051635742,68,2.0985914690559184,0.6097495308978617,
spatial_ood,relative,30063,True,0.01400153897702694,0.006232023239135742,49,1.5119714392117203,0.6231556256376207,
spatial_ood,relative,30064,True,0.014355868101119995,0.005593538284301758,54,1.6187428275179627,0.5837004613388452,
spatial_ood,relative,30065,True,0.010880416259169579,0.008291006088256836,41,1.2655431723235324,0.6090242877192705,
spatial_ood,relative,30066,True,0.01232091709971428,0.005509853363037109,46,1.1417025380264931,0.6168599769340624,
spatial_ood,relative,30067,True,0.014163725078105927,0.009019851684570312,52,1.6821291435096555,0.6632992278104858,
spatial_ood,relative,30068,True,0.010998100973665714,0.008347749710083008,54,1.6193104076146483,0.6851284795746195,
spatial_ood,relative,30069,True,0.01282790582627058,0.00693964958190918,41,1.2678213481981402,0.6020994526997945,
spatial_ood,relative,30070,True,0.01542955543845892,0.006392955780029297,56,1.7037791310795,0.6439918207565821,
spatial_ood,relative,30071,True,0.012399745173752308,0.0079345703125,45,1.3605543648450293,0.6071100100300723,
spatial_ood,relative,30072,True,0.011561175808310509,0.006935834884643555,49,1.5179073467188573,0.6707398097098072,
spatial_ood,relative,30073,True,0.011110760271549225,0.00812983512878418,44,1.3686235421914716,0.5896365796635792,
spatial_ood,relative,30074,True,0.014338795095682144,0.006967306137084961,43,1.295362649283561,0.5559953109687654,
spatial_ood,relative,30075,True,0.014224843122065067,0.007517576217651367,44,1.27103421296124,0.577234624800622,
spatial_ood,relative,30076,True,0.013137657195329666,0.006297588348388672,45,1.286999573876983,0.5572038552486138,
spatial_ood,relative,30077,True,0.015396281145513058,0.0062024593353271484,51,1.514799911832597,0.571361233901923,
spatial_ood,relative,30078,True,0.016002455726265907,0.006087541580200195,48,1.4516110183567434,0.6535074931236926,
spatial_ood,relative,30079,True,0.010927108116447926,0.0067408084869384766,45,1.2731980490066235,0.5743955615165574,
spatial_ood,relative,30080,True,0.011405630968511105,0.007849454879760742,59,1.8698714875772566,0.6327060507353925,
spatial_ood,relative,30081,True,0.013803496025502682,0.007848024368286133,51,1.6991891317225054,0.6901968758164316,
spatial_ood,relative,30082,True,0.012496184557676315,0.008367538452148438,46,1.470890449243143,0.5754359487431946,
spatial_ood,relative,30083,True,0.015575089491903782,0.006265878677368164,45,1.3745323897501294,0.6607763516435614,
spatial_ood,relative,30084,True,0.012389670126140118,0.007717609405517578,40,1.0676887469007852,0.5561999867442194,
spatial_ood,relative,30085,False,0.13933582603931427,0.017580747604370117,180,0.9412543547914538,,placement_or_release
spatial_ood,relative,30086,True,0.012666240334510803,0.00635838508605957,49,1.5579305336045763,0.6279479341585141,
spatial_ood,relative,30087,True,0.014611490070819855,0.006839275360107422,60,2.060701809593411,0.6063812050537118,
spatial_ood,relative,30088,True,0.01606605015695095,0.006468057632446289,51,1.3239468191750348,0.5677787012845904,
spatial_ood,relative,30089,True,0.013886655680835247,0.007635354995727539,45,1.4008551593251468,0.6248372512009795,
spatial_ood,relative,30090,True,0.014854611828923225,0.0071392059326171875,55,1.8206932069151662,0.5877327336068607,
spatial_ood,relative,30091,True,0.013037019409239292,0.005379676818847656,52,1.3566549929346365,0.6380031950056494,
spatial_ood,relative,30092,True,0.013661152683198452,0.006744861602783203,44,1.1769875990894434,0.502283556007469,
spatial_ood,relative,30093,True,0.01400995533913374,0.0072498321533203125,53,1.3736784023849395,0.5149813366560073,
spatial_ood,relative,30094,True,0.012379342690110207,0.0068705081939697266,51,1.345916940135794,0.5725070323204563,
spatial_ood,relative,30095,True,0.01194179430603981,0.0062181949615478516,35,1.0734431144005612,0.6032557911945,
spatial_ood,relative,30096,True,0.014343113638460636,0.005607128143310547,67,1.85976040812875,0.5767828189237405,
spatial_ood,relative,30097,True,0.014108818955719471,0.0056989192962646484,55,1.8005888590278118,0.6886786307869285,
spatial_ood,relative,30098,True,0.015516051091253757,0.008197784423828125,51,1.5575333133900813,0.5955972838799622,
spatial_ood,relative,30099,True,0.014937742613255978,0.0076596736907958984,52,1.7701229700605836,0.6747208068160779,
spatial_ood,recurrent,30000,True,0.011154764331877232,0.000989675521850586,46,1.1773755233734846,0.4814577944271615,
spatial_ood,recurrent,30001,True,0.01166627462953329,0.009730339050292969,51,1.5917516292538494,0.6554067981093457,
spatial_ood,recurrent,30002,True,0.011863239109516144,0.001806020736694336,48,1.431529976776801,0.5592126825045617,
spatial_ood,recurrent,30003,True,0.00929943099617958,0.003324270248413086,61,1.905984601820819,0.6488423288995758,
spatial_ood,recurrent,30004,True,0.01178429089486599,0.005245685577392578,47,1.467842196347192,0.5782448346775302,
spatial_ood,recurrent,30005,True,0.011524654924869537,0.0012934207916259766,51,1.5741785337449983,0.5858862072687685,
spatial_ood,recurrent,30006,True,0.010164499282836914,0.012923479080200195,48,1.5390937668271363,0.6238011693199534,
spatial_ood,recurrent,30007,True,0.013273042626678944,0.001123189926147461,53,1.6474875935819,0.6053100403723816,
spatial_ood,recurrent,30008,True,0.008699106052517891,0.004324913024902344,50,1.4344654832966626,0.5631357964785647,
spatial_ood,recurrent,30009,True,0.011403332464396954,0.0025534629821777344,41,1.2531859511509538,0.5523029631887081,
spatial_ood,recurrent,30010,True,0.008823181502521038,0.01717853546142578,50,1.470631227362901,0.5713413912744862,
spatial_ood,recurrent,30011,True,0.01589779742062092,0.002321004867553711,41,1.2058753734454513,0.6131223367662885,
spatial_ood,recurrent,30012,True,0.009076327085494995,0.0025489330291748047,48,1.5204165374161676,0.5969784021779746,
spatial_ood,recurrent,30013,True,0.011651582084596157,0.0024690628051757812,51,1.596032286179252,0.5484214005080286,
spatial_ood,recurrent,30014,True,0.009314070455729961,0.0032167434692382812,60,1.883320412132889,0.6047133774093865,
spatial_ood,recurrent,30015,True,0.0022850267123430967,0.006587505340576172,38,1.1525683305226266,0.6509958638020765,
spatial_ood,recurrent,30016,True,0.009524503722786903,0.004810333251953125,41,1.2158427890390158,0.5679201101709551,
spatial_ood,recurrent,30017,True,0.01009900402277708,0.002718210220336914,78,1.870410351199098,0.3187821296531616,
spatial_ood,recurrent,30018,True,0.013566534966230392,0.0009334087371826172,56,1.7919432256603613,0.5883138220342016,
spatial_ood,recurrent,30019,True,0.011317568831145763,0.005716085433959961,80,2.4257068503648043,0.5167817453741109,
spatial_ood,recurrent,30020,True,0.011622980237007141,0.001050710678100586,57,1.3790732517372817,0.5475837239234868,
spatial_ood,recurrent,30021,True,0.012395563535392284,0.0008122920989990234,51,1.3568877230864018,0.5103472820927638,
spatial_ood,recurrent,30022,True,0.011239116080105305,0.0032889842987060547,47,1.2936962760868482,0.524957728924476,
spatial_ood,recurrent,30023,True,0.019669754430651665,0.004433393478393555,45,1.3740990443038754,0.5950008631792066,
spatial_ood,recurrent,30024,True,0.009649872779846191,0.004683256149291992,80,1.894186792371329,0.5097482537517201,
spatial_ood,recurrent,30025,True,0.013589121401309967,0.00380706787109375,52,1.6180425180355087,0.6734170941882013,
spatial_ood,recurrent,30026,True,0.011073518544435501,0.0059773921966552734,55,1.7259425955126062,0.640991020397037,
spatial_ood,recurrent,30027,True,0.013521013781428337,0.0031540393829345703,56,1.3760661379492376,0.5562299299959257,
spatial_ood,recurrent,30028,True,0.00896410271525383,0.004960536956787109,49,1.311804487137124,0.6013919514283301,
spatial_ood,recurrent,30029,True,0.011929402127861977,0.004855155944824219,46,1.4381118634482846,0.6437456593591704,
spatial_ood,recurrent,30030,True,0.013439059257507324,0.002559661865234375,52,1.6524799116887152,0.6082149202705947,
spatial_ood,recurrent,30031,True,0.04640595242381096,0.016493797302246094,56,1.7512877515982836,0.7265922021110625,
spatial_ood,recurrent,30032,True,0.010138649493455887,0.006531953811645508,52,1.6316615996183828,0.5885712350964111,
spatial_ood,recurrent,30033,True,0.013183359988033772,0.002476215362548828,56,1.6680287445196882,0.5965606738486177,
spatial_ood,recurrent,30034,True,0.012550310231745243,0.002719402313232422,52,1.1258002220420167,0.5363715989931593,
spatial_ood,recurrent,30035,True,0.009415126405656338,0.010824441909790039,50,1.5087522317189723,0.6253031762801399,
spatial_ood,recurrent,30036,True,0.023225178942084312,0.009069681167602539,56,1.595847372431308,0.6521987311117105,
spatial_ood,recurrent,30037,True,0.013120529241859913,0.00048661231994628906,40,1.1797171880607493,0.5870448031878293,
spatial_ood,recurrent,30038,True,0.009291402995586395,0.006010770797729492,49,1.6180627037538216,0.6491618149578118,
spatial_ood,recurrent,30039,True,0.008583215065300465,0.007656574249267578,48,1.4671472831396386,0.6510556938985781,
spatial_ood,recurrent,30040,True,0.015265186317265034,0.014825820922851562,45,1.3651795107871294,0.5719361508241505,
spatial_ood,recurrent,30041,True,0.008117785677313805,0.00637054443359375,55,1.4843252430437133,0.5767204459959819,
spatial_ood,recurrent,30042,True,0.01190109271556139,0.002623319625854492,54,1.5398660047212616,0.5769345662804123,
spatial_ood,recurrent,30043,True,0.008889328688383102,0.003638029098510742,50,1.5271607247414067,0.569311201788784,
spatial_ood,recurrent,30044,True,0.010922719724476337,0.004250764846801758,44,1.3951837888162117,0.5824679106699191,
spatial_ood,recurrent,30045,True,0.009437146596610546,0.006011247634887695,62,1.7096984344534576,0.6259247163054197,
spatial_ood,recurrent,30046,True,0.006662814412266016,0.003620624542236328,55,1.4338600703049451,0.5847683187337605,
spatial_ood,recurrent,30047,True,0.011973992921411991,0.002691507339477539,47,1.3178566524293274,0.5249492084109287,
spatial_ood,recurrent,30048,True,0.008858389221131802,0.005007505416870117,55,1.708379811490886,0.6469342140149926,
spatial_ood,recurrent,30049,True,0.01618332602083683,0.0039708614349365234,46,1.3842998249456286,0.5687150580372308,
spatial_ood,recurrent,30050,True,0.01895771361887455,0.011726856231689453,52,1.4814000061014667,0.6777000605338531,
spatial_ood,recurrent,30051,True,0.01060961652547121,0.002386808395385742,53,1.5177136454731226,0.6032215440106022,
spatial_ood,recurrent,30052,True,0.011754163540899754,0.0015246868133544922,55,1.8355091996490955,0.6014415260755142,
spatial_ood,recurrent,30053,True,0.014698871411383152,0.005125284194946289,44,1.4069964576046914,0.6392679062255048,
spatial_ood,recurrent,30054,True,0.012040738947689533,0.0035190582275390625,58,1.8534961665282026,0.6393342806244677,
spatial_ood,recurrent,30055,True,0.013965939171612263,0.0038573741912841797,53,1.5015017028199509,0.5494103804901216,
spatial_ood,recurrent,30056,False,0.8583070635795593,0.9066855907440186,180,0.5820398032436316,,never_grasped
spatial_ood,recurrent,30057,True,0.0137690594419837,0.0022928714752197266,53,1.4415248285513371,0.5817616628794409,
spatial_ood,recurrent,30058,False,0.40797773003578186,2.2322466373443604,180,0.4721039542141199,,never_grasped
spatial_ood,recurrent,30059,True,0.012184316292405128,0.014349699020385742,48,1.5165615695295855,0.6160511123351856,
spatial_ood,recurrent,30060,True,0.010234813205897808,0.006635904312133789,52,1.5930167615879327,0.609842940103113,
spatial_ood,recurrent,30061,True,0.008870228193700314,0.002245664596557617,46,1.4898715009912848,0.6030040695249308,
spatial_ood,recurrent,30062,True,0.03548480197787285,0.01961350440979004,62,1.8853323372313753,0.678721272920097,
spatial_ood,recurrent,30063,True,0.010432765819132328,0.003804445266723633,48,1.5231491117738187,0.6185825805662192,
spatial_ood,recurrent,30064,True,0.010121913626790047,0.006421804428100586,52,1.569724504603073,0.6019278748853469,
spatial_ood,recurrent,30065,True,0.01694195345044136,0.003263235092163086,44,1.3515347120701335,0.5702750526634864,
spatial_ood,recurrent,30066,True,0.014122655615210533,0.003395557403564453,50,1.2477285508066416,0.5644421623736032,
spatial_ood,recurrent,30067,True,0.022286204621195793,0.018372058868408203,60,1.7278773807920516,0.645737350561306,
spatial_ood,recurrent,30068,True,0.016161009669303894,0.003256082534790039,62,1.8074541421374306,0.6138112451452862,
spatial_ood,recurrent,30069,True,0.008545678108930588,0.0018208026885986328,44,1.3438299809931777,0.5680439867155272,
spatial_ood,recurrent,30070,True,0.011291194707155228,0.0035440921783447266,55,1.7407927858293988,0.6302989268583081,
spatial_ood,recurrent,30071,True,0.007386081386357546,0.006398200988769531,43,1.3160541132092476,0.6276384578695455,
spatial_ood,recurrent,30072,True,0.012774284929037094,0.001279592514038086,55,1.6865387269062921,0.6036747740521311,
spatial_ood,recurrent,30073,True,0.015382220037281513,0.0016629695892333984,46,1.3877103173872456,0.581526629984432,
spatial_ood,recurrent,30074,True,0.013438435271382332,0.003690004348754883,44,1.3856870050076395,0.5197534193529993,
spatial_ood,recurrent,30075,True,0.013197466731071472,0.00206756591796875,47,1.3431695891777053,0.5462340444117713,
spatial_ood,recurrent,30076,True,0.008561104536056519,0.0038580894470214844,46,1.351320299319923,0.5306818262320804,
spatial_ood,recurrent,30077,True,0.011854534037411213,0.004338502883911133,49,1.4874387516174465,0.5818713179269069,
spatial_ood,recurrent,30078,True,0.012295062653720379,0.004578828811645508,46,1.457210359396413,0.650996385991916,
spatial_ood,recurrent,30079,True,0.011557342484593391,0.0030274391174316406,48,1.3867292982758954,0.5273699122028976,
spatial_ood,recurrent,30080,True,0.016041450202465057,0.0038292407989501953,60,1.8596424531424418,0.6361862745650603,
spatial_ood,recurrent,30081,True,0.014206644147634506,0.0008437633514404297,62,1.9765812983969226,0.5933350837060284,
spatial_ood,recurrent,30082,True,0.0126625532284379,0.005213737487792969,47,1.5207553269574419,0.5565676648661959,
spatial_ood,recurrent,30083,True,0.011298906989395618,0.005713224411010742,71,1.8491869589779526,0.49116639791629924,
spatial_ood,recurrent,30084,True,0.011769524775445461,0.005072355270385742,36,1.0129053472774103,0.5862822903140704,
spatial_ood,recurrent,30085,True,0.013040797784924507,0.002344846725463867,49,1.0475775493541732,0.4914876409803939,
spatial_ood,recurrent,30086,True,0.00870369654148817,0.00684046745300293,49,1.5410842522978783,0.6348123139151827,
spatial_ood,recurrent,30087,True,0.01484061498194933,0.007211923599243164,54,1.8435739813139662,0.6777980483685355,
spatial_ood,recurrent,30088,True,0.012564713135361671,0.0036547183990478516,51,1.3795288463588804,0.5449025640494007,
spatial_ood,recurrent,30089,True,0.01088032592087984,0.004602193832397461,48,1.5129273565253243,0.5785515631720178,
spatial_ood,recurrent,30090,True,0.012990587390959263,0.005023956298828125,52,1.6539155568461865,0.6469985672062999,
spatial_ood,recurrent,30091,True,0.016975687816739082,0.005060911178588867,55,1.4212008730974048,0.6090273629837143,
spatial_ood,recurrent,30092,True,0.012041216716170311,0.005475282669067383,43,1.1801321867387742,0.500945168084123,
spatial_ood,recurrent,30093,True,0.01265871711075306,0.0011937618255615234,52,1.4021269528893754,0.504532587678955,
spatial_ood,recurrent,30094,True,0.008582028560340405,0.008399248123168945,47,1.2435362546239048,0.6196416954325283,
spatial_ood,recurrent,30095,True,0.01374720223248005,0.002474546432495117,40,1.1962452620500699,0.5413277659885892,
spatial_ood,recurrent,30096,True,0.00966790784150362,0.00499725341796875,48,1.608364746090956,0.6669369328881104,
spatial_ood,recurrent,30097,True,0.02984384447336197,0.014182806015014648,53,1.737031998229213,0.7138769299066425,
spatial_ood,recurrent,30098,True,0.01117729302495718,0.003926277160644531,50,1.601319115725346,0.5793115200448283,
spatial_ood,recurrent,30099,True,0.041189610958099365,0.031883955001831055,53,1.7771923801628873,0.672036866607251,
target_shift,replay,40000,False,0.5317022800445557,2.5544559955596924,180,1.4976563233067282,,never_grasped
target_shift,replay,40001,False,0.7011557221412659,2.954627275466919,180,1.4976563233067282,,never_grasped
target_shift,replay,40002,False,0.28832679986953735,0.05385112762451172,180,1.4976563233067282,,never_grasped
target_shift,replay,40003,False,0.010622926987707615,1.9855196475982666,180,1.4976563233067282,,never_grasped
target_shift,replay,40004,False,0.4557453691959381,0.7686221599578857,180,1.4976563233067282,,never_grasped
target_shift,replay,40005,False,0.04220975190401077,1.7129900455474854,180,1.4976563233067282,,never_grasped
target_shift,replay,40006,False,0.4373723566532135,1.6882765293121338,180,1.4976563233067282,,never_grasped
target_shift,replay,40007,False,0.2834591269493103,0.22234153747558594,180,1.4976563233067282,,never_grasped
target_shift,replay,40008,False,0.23011688888072968,1.6129791736602783,180,1.4976563233067282,,never_grasped
target_shift,replay,40009,False,0.4791537821292877,0.9297425746917725,180,1.4976563233067282,,placement_or_release
target_shift,replay,40010,False,0.3043808341026306,0.484163761138916,180,1.4976563233067282,,never_grasped
target_shift,replay,40011,False,0.24048271775245667,2.894754648208618,180,1.4976563233067282,,never_grasped
target_shift,replay,40012,False,0.27760374546051025,1.1908142566680908,180,1.4976563233067282,,never_grasped
target_shift,replay,40013,False,0.2893928289413452,0.676567554473877,180,1.4976563233067282,,never_grasped
target_shift,replay,40014,False,0.1941041201353073,2.170269250869751,180,1.4976563233067282,,never_grasped
target_shift,replay,40015,False,0.2542354166507721,1.4434044361114502,180,1.4976563233067282,,never_grasped
target_shift,replay,40016,False,0.2738063335418701,2.594526529312134,180,1.4976563233067282,,never_grasped
target_shift,replay,40017,False,0.5931630730628967,1.4211695194244385,180,1.4976563233067282,,never_grasped
target_shift,replay,40018,False,0.21402180194854736,2.4788076877593994,180,1.4976563233067282,,never_grasped
target_shift,replay,40019,False,0.21851031482219696,2.804270029067993,180,1.4976563233067282,,never_grasped
target_shift,replay,40020,False,0.4656391143798828,1.4261422157287598,180,1.4976563233067282,,never_grasped
target_shift,replay,40021,False,0.2058115303516388,0.4271986484527588,180,1.4976563233067282,,never_grasped
target_shift,replay,40022,False,0.3267577588558197,0.8494551181793213,180,1.4976563233067282,,never_grasped
target_shift,replay,40023,False,0.3287534713745117,2.1279051303863525,180,1.4976563233067282,,never_grasped
target_shift,replay,40024,False,0.06871679425239563,2.4079034328460693,180,1.4976563233067282,,never_grasped
target_shift,replay,40025,False,0.30684563517570496,1.3718550205230713,180,1.4976563233067282,,never_grasped
target_shift,replay,40026,False,0.20173892378807068,2.6994125843048096,180,1.4976563233067282,,never_grasped
target_shift,replay,40027,False,0.24880172312259674,0.9825663566589355,180,1.4976563233067282,,placement_or_release
target_shift,replay,40028,False,0.1973026841878891,1.9799067974090576,180,1.4976563233067282,,never_grasped
target_shift,replay,40029,False,0.2513076961040497,2.0526881217956543,180,1.4976563233067282,,never_grasped
target_shift,replay,40030,False,0.07619695365428925,1.0339257717132568,180,1.4976563233067282,,never_grasped
target_shift,replay,40031,False,0.1453423798084259,0.0625147819519043,180,1.4976563233067282,,never_grasped
target_shift,replay,40032,False,0.32330572605133057,1.7909477949142456,180,1.4976563233067282,,never_grasped
target_shift,replay,40033,False,0.5503487586975098,1.655181884765625,180,1.4976563233067282,,never_grasped
target_shift,replay,40034,False,0.34563395380973816,2.916783332824707,180,1.4976563233067282,,never_grasped
target_shift,replay,40035,False,0.14265033602714539,1.3126380443572998,180,1.4976563233067282,,never_grasped
target_shift,replay,40036,False,0.4542897045612335,2.3455097675323486,180,1.4976563233067282,,never_grasped
target_shift,replay,40037,False,0.31137654185295105,0.009912729263305664,180,1.4976563233067282,,never_grasped
target_shift,replay,40038,False,0.6271087527275085,2.8038628101348877,180,1.4976563233067282,,never_grasped
target_shift,replay,40039,False,0.16763101518154144,0.7062280178070068,180,1.4976563233067282,,never_grasped
target_shift,replay,40040,False,0.631420373916626,1.8868391513824463,180,1.4976563233067282,,never_grasped
target_shift,replay,40041,False,0.45792219042778015,0.182786226272583,180,1.4976563233067282,,never_grasped
target_shift,replay,40042,False,0.5032271146774292,2.500140428543091,180,1.4976563233067282,,never_grasped
target_shift,replay,40043,False,0.4995381534099579,1.0636332035064697,180,1.4976563233067282,,never_grasped
target_shift,replay,40044,False,0.2924044728279114,3.0540716648101807,180,1.4976563233067282,,never_grasped
target_shift,replay,40045,False,0.19571498036384583,0.6894533634185791,180,1.4976563233067282,,never_grasped
target_shift,replay,40046,False,0.18397213518619537,0.03886127471923828,180,1.4976563233067282,,never_grasped
target_shift,replay,40047,False,0.37971681356430054,2.862844705581665,180,1.4976563233067282,,never_grasped
target_shift,replay,40048,False,0.2319062352180481,2.1205484867095947,180,1.4976563233067282,,never_grasped
target_shift,replay,40049,False,0.4420480728149414,0.3239710330963135,180,1.4976563233067282,,never_grasped
target_shift,replay,40050,False,0.39023730158805847,1.5188919305801392,180,1.4976563233067282,,never_grasped
target_shift,replay,40051,False,0.5292444229125977,2.0089590549468994,180,1.4976563233067282,,never_grasped
target_shift,replay,40052,False,0.24321302771568298,2.037569284439087,180,1.4976563233067282,,never_grasped
target_shift,replay,40053,False,0.2845524549484253,1.0817029476165771,180,1.4976563233067282,,never_grasped
target_shift,replay,40054,False,0.2562141716480255,2.540083646774292,180,1.4976563233067282,,never_grasped
target_shift,replay,40055,False,0.28535476326942444,1.2118566036224365,180,1.4976563233067282,,never_grasped
target_shift,replay,40056,False,0.20395997166633606,1.6771366596221924,180,1.4976563233067282,,never_grasped
target_shift,replay,40057,False,0.1997239887714386,0.37488722801208496,180,1.4976563233067282,,never_grasped
target_shift,replay,40058,False,0.22599634528160095,0.1588425636291504,180,1.4976563233067282,,never_grasped
target_shift,replay,40059,False,0.3557717502117157,0.09756088256835938,180,1.4976563233067282,,never_grasped
target_shift,replay,40060,False,0.5825284719467163,1.5932629108428955,180,1.4976563233067282,,never_grasped
target_shift,replay,40061,False,0.5306276082992554,1.4607478380203247,180,1.4976563233067282,,never_grasped
target_shift,replay,40062,False,0.19940927624702454,2.2004804611206055,180,1.4976563233067282,,never_grasped
target_shift,replay,40063,False,0.29205620288848877,1.5417819023132324,180,1.4976563233067282,,never_grasped
target_shift,replay,40064,False,0.24301519989967346,1.7181239128112793,180,1.4976563233067282,,never_grasped
target_shift,replay,40065,False,0.19139619171619415,0.10003447532653809,180,1.4976563233067282,,never_grasped
target_shift,replay,40066,False,0.40707626938819885,2.8326714038848877,180,1.4976563233067282,,never_grasped
target_shift,replay,40067,False,0.07646504789590836,0.9738810062408447,180,1.4976563233067282,,never_grasped
target_shift,replay,40068,False,0.15848852694034576,0.3756370544433594,180,1.4976563233067282,,never_grasped
target_shift,replay,40069,False,0.26699140667915344,0.09499001502990723,180,1.4976563233067282,,never_grasped
target_shift,replay,40070,False,0.5161498785018921,2.4449050426483154,180,1.4976563233067282,,never_grasped
target_shift,replay,40071,False,0.6738649606704712,1.6937601566314697,180,1.4976563233067282,,never_grasped
target_shift,replay,40072,False,0.4941193759441376,2.8741209506988525,180,1.4976563233067282,,never_grasped
target_shift,replay,40073,False,0.24612891674041748,0.01852726936340332,180,1.4976563233067282,,never_grasped
target_shift,replay,40074,False,0.41090843081474304,1.326999545097351,180,1.4976563233067282,,never_grasped
target_shift,replay,40075,False,0.03710578754544258,2.3678884506225586,180,1.4976563233067282,,never_grasped
target_shift,replay,40076,False,0.31171920895576477,1.2080557346343994,180,1.4976563233067282,,never_grasped
target_shift,replay,40077,False,0.30016013979911804,2.077845811843872,180,1.4976563233067282,,never_grasped
target_shift,replay,40078,False,0.32382121682167053,1.5379316806793213,180,1.4976563233067282,,never_grasped
target_shift,replay,40079,False,0.5281015634536743,1.341160535812378,180,1.4976563233067282,,never_grasped
target_shift,replay,40080,False,0.3715270757675171,1.2999098300933838,180,1.4976563233067282,,never_grasped
target_shift,replay,40081,False,0.12081104516983032,0.15473413467407227,180,1.4976563233067282,,never_grasped
target_shift,replay,40082,False,0.2928601801395416,0.006536722183227539,180,1.4976563233067282,,never_grasped
target_shift,replay,40083,False,0.505740225315094,1.3657183647155762,180,1.4976563233067282,,never_grasped
target_shift,replay,40084,False,0.4502267837524414,0.6104233264923096,180,1.4976563233067282,,never_grasped
target_shift,replay,40085,False,0.22168856859207153,0.05570530891418457,180,1.4976563233067282,,never_grasped
target_shift,replay,40086,False,0.2805926501750946,2.8612935543060303,180,1.4976563233067282,,never_grasped
target_shift,replay,40087,False,0.5794101357460022,3.06691575050354,180,1.4976563233067282,,never_grasped
target_shift,replay,40088,False,0.2255263328552246,0.6016902923583984,180,1.4976563233067282,,never_grasped
target_shift,replay,40089,False,0.15026941895484924,3.016998529434204,180,1.4976563233067282,,never_grasped
target_shift,replay,40090,False,0.6695833802223206,2.493046998977661,180,1.4976563233067282,,never_grasped
target_shift,replay,40091,False,0.23351073265075684,1.8844540119171143,180,1.4976563233067282,,never_grasped
target_shift,replay,40092,False,0.0740484669804573,0.5522892475128174,180,1.4976563233067282,,never_grasped
target_shift,replay,40093,False,0.32048705220222473,0.5700371265411377,180,1.4976563233067282,,never_grasped
target_shift,replay,40094,False,0.33550316095352173,2.445902109146118,180,1.4976563233067282,,never_grasped
target_shift,replay,40095,False,0.10723882913589478,1.4342436790466309,180,1.4976563233067282,,never_grasped
target_shift,replay,40096,False,0.4673820436000824,1.96639084815979,180,1.4976563233067282,,never_grasped
target_shift,replay,40097,False,0.3639538884162903,2.921154260635376,180,1.4976563233067282,,never_grasped
target_shift,replay,40098,False,0.1655000001192093,2.5237419605255127,180,1.4976563233067282,,never_grasped
target_shift,replay,40099,False,0.10825711488723755,1.067432165145874,180,1.4976563233067282,,never_grasped
target_shift,absolute,40000,True,0.033404383808374405,0.0023431777954101562,64,1.591710437904112,,
target_shift,absolute,40001,True,0.028285128995776176,0.025672435760498047,54,1.7067007761797868,,
target_shift,absolute,40002,False,0.28832679986953735,0.05385112762451172,180,0.48165491627936063,,never_grasped
target_shift,absolute,40003,False,0.40702110528945923,0.2859792709350586,180,1.153544913366467,,placement_or_release
target_shift,absolute,40004,True,0.010237409733235836,0.012530326843261719,86,1.4926966419516248,,
target_shift,absolute,40005,False,0.14617334306240082,0.007210254669189453,180,3.1564611385110766,,placement_or_release
target_shift,absolute,40006,True,0.04383081570267677,0.012565135955810547,44,1.216931604547426,,
target_shift,absolute,40007,False,0.2834591269493103,0.22234153747558594,180,0.4232893489356684,,never_grasped
target_shift,absolute,40008,False,0.3900728225708008,0.22689366340637207,180,1.6155760653637117,,placement_or_release
target_shift,absolute,40009,False,0.5256257057189941,0.8493738174438477,180,1.4006072824093465,,placement_or_release
target_shift,absolute,40010,False,0.3043808341026306,0.484163761138916,180,0.5000846319651338,,never_grasped
target_shift,absolute,40011,True,0.021230272948741913,0.010550737380981445,52,1.172190560726449,,
target_shift,absolute,40012,True,0.03250887244939804,0.008450031280517578,43,1.0896762617630884,,
target_shift,absolute,40013,False,0.06990852952003479,0.010414600372314453,180,1.1053158602049038,,placement_or_release
target_shift,absolute,40014,True,0.028522582724690437,0.009034395217895508,70,1.672412326122867,,
target_shift,absolute,40015,False,0.2542354166507721,1.4434044361114502,180,0.46834287125289364,,never_grasped
target_shift,absolute,40016,False,0.2738063335418701,2.594526529312134,180,0.309429191353896,,never_grasped
target_shift,absolute,40017,True,0.04014230892062187,0.022529125213623047,53,1.5417055842117406,,
target_shift,absolute,40018,True,0.04666459560394287,0.007687807083129883,41,1.1477930336550344,,
target_shift,absolute,40019,True,0.03790660575032234,0.010088443756103516,79,1.361065209377557,,
target_shift,absolute,40020,False,0.4201696515083313,0.6376743316650391,180,1.398898869239929,,placement_or_release
target_shift,absolute,40021,False,0.2058115303516388,0.4271986484527588,180,0.4300888867360655,,never_grasped
target_shift,absolute,40022,False,0.3267577588558197,0.8494551181793213,180,0.36037332421854273,,never_grasped
target_shift,absolute,40023,False,0.39418935775756836,0.13497495651245117,180,2.300479531986639,,placement_or_release
target_shift,absolute,40024,True,0.02138633280992508,0.007691860198974609,51,1.2386384689598344,,
target_shift,absolute,40025,False,0.1924361288547516,0.03537297248840332,180,1.1152147750081625,,placement_or_release
target_shift,absolute,40026,True,0.021039174869656563,0.03632616996765137,63,1.5870279778027907,,
target_shift,absolute,40027,True,0.028215043246746063,0.013224124908447266,58,1.2325494184478885,,
target_shift,absolute,40028,True,0.012381412088871002,0.002931356430053711,46,1.2178069565270562,,
target_shift,absolute,40029,True,0.025857463479042053,0.012068033218383789,81,1.6269156847847626,,
target_shift,absolute,40030,False,0.10984588414430618,0.005180835723876953,180,0.7905274510557838,,placement_or_release
target_shift,absolute,40031,False,0.1453423798084259,0.0625147819519043,180,0.4184358602056122,,never_grasped
target_shift,absolute,40032,True,0.034538302570581436,0.010838508605957031,46,1.2718217750662006,,
target_shift,absolute,40033,False,0.5503487586975098,1.655181884765625,180,0.44670655055146113,,never_grasped
target_shift,absolute,40034,False,0.34563395380973816,2.916783332824707,180,0.3311881662315628,,never_grasped
target_shift,absolute,40035,True,0.047252457588911057,0.004906415939331055,41,0.8048280704242643,,
target_shift,absolute,40036,True,0.00931371096521616,0.029807329177856445,65,1.5779295938555151,,
target_shift,absolute,40037,False,0.31137654185295105,0.009912729263305664,180,0.5871314686869127,,never_grasped
target_shift,absolute,40038,True,0.03671314939856529,0.00798487663269043,56,1.654158332501538,,
target_shift,absolute,40039,False,0.16763101518154144,0.7062280178070068,180,0.4532090882791948,,never_grasped
target_shift,absolute,40040,False,0.631420373916626,1.8868391513824463,180,1.2442153954179958,,never_grasped
target_shift,absolute,40041,True,0.029194850474596024,0.06384921073913574,46,1.1538034571276512,,
target_shift,absolute,40042,True,0.03257469832897186,0.029702425003051758,50,1.6413273765938357,,
target_shift,absolute,40043,True,0.014111227355897427,0.051842689514160156,68,1.8996239041443914,,
target_shift,absolute,40044,True,0.017997879534959793,0.019492387771606445,60,1.2819038930465467,,
target_shift,absolute,40045,False,0.19571498036384583,0.6894533634185791,180,0.47666039076508326,,never_grasped
target_shift,absolute,40046,False,0.4679563045501709,0.5891633033752441,180,1.1642977845476707,,placement_or_release
target_shift,absolute,40047,True,0.017562827095389366,0.002198457717895508,50,1.3081964275188511,,
target_shift,absolute,40048,False,0.2319062352180481,2.1205484867095947,180,0.4494399040198829,,never_grasped
target_shift,absolute,40049,False,0.4420480728149414,0.3239710330963135,180,0.33104905015659014,,never_grasped
target_shift,absolute,40050,True,0.009569562040269375,0.03860926628112793,49,1.491028915566858,,
target_shift,absolute,40051,True,0.02063981629908085,0.03797769546508789,48,1.4064816734171472,,
target_shift,absolute,40052,False,0.21500733494758606,0.08728480339050293,180,1.204597528052492,,placement_or_release
target_shift,absolute,40053,False,0.19374904036521912,0.03281903266906738,180,1.394491535588429,,placement_or_release
target_shift,absolute,40054,True,0.011294286698102951,0.04944872856140137,46,1.3252187821781263,,
target_shift,absolute,40055,False,0.17508341372013092,0.029475927352905273,180,1.3213751802877596,,placement_or_release
target_shift,absolute,40056,False,0.09997516870498657,0.020733118057250977,180,0.7815802239442533,,placement_or_release
target_shift,absolute,40057,False,0.1997239887714386,0.37488722801208496,180,0.521821032734529,,never_grasped
target_shift,absolute,40058,False,0.20571713149547577,0.0054433345794677734,180,0.8925476064905524,,placement_or_release
target_shift,absolute,40059,False,0.3557717502117157,0.09756088256835938,180,0.4506503498617995,,never_grasped
target_shift,absolute,40060,True,0.04913247749209404,0.008185863494873047,50,1.4934567917371169,,
target_shift,absolute,40061,True,0.015041813254356384,0.01738262176513672,58,1.537484179432795,,
target_shift,absolute,40062,True,0.044842906296253204,0.0029449462890625,38,1.0177133321994916,,
target_shift,absolute,40063,False,0.0841134637594223,0.019921541213989258,180,1.1109604990382707,,placement_or_release
target_shift,absolute,40064,False,0.21409575641155243,0.005038022994995117,180,1.2272896068461705,,placement_or_release
target_shift,absolute,40065,False,0.19139619171619415,0.10003447532653809,180,0.5427113082204187,,never_grasped
target_shift,absolute,40066,False,0.4992455840110779,0.5630347728729248,180,1.9875206541037187,,placement_or_release
target_shift,absolute,40067,False,0.07646504789590836,0.9738810062408447,180,0.4541216365390284,,never_grasped
target_shift,absolute,40068,False,0.15848852694034576,0.3756370544433594,180,0.3776095697632229,,never_grasped
target_shift,absolute,40069,False,0.26699140667915344,0.09499001502990723,180,0.4648486932645355,,never_grasped
target_shift,absolute,40070,True,0.0249997079372406,0.030636310577392578,88,1.8356764696072787,,
target_shift,absolute,40071,True,0.041102852672338486,0.0012824535369873047,67,1.8912778671365231,,
target_shift,absolute,40072,True,0.04609634354710579,0.0031280517578125,61,1.6721288023982197,,
target_shift,absolute,40073,False,0.05757880210876465,0.005064249038696289,180,0.8122873044409005,,placement_or_release
target_shift,absolute,40074,False,0.4690088927745819,0.4620952606201172,180,1.2377660310517058,,placement_or_release
target_shift,absolute,40075,True,0.014982250519096851,0.0071108341217041016,75,1.4036700666765682,,
target_shift,absolute,40076,True,0.0231145191937685,0.014081478118896484,48,1.270094518782571,,
target_shift,absolute,40077,False,0.0916232317686081,0.028824567794799805,180,1.1650435893088797,,placement_or_release
target_shift,absolute,40078,False,0.32382121682167053,1.5379316806793213,180,0.5174946516591561,,never_grasped
target_shift,absolute,40079,True,0.020688075572252274,0.03247427940368652,54,1.496293714037165,,
target_shift,absolute,40080,False,0.3715270757675171,1.2999098300933838,180,0.4164492664489927,,never_grasped
target_shift,absolute,40081,False,0.12081104516983032,0.15473413467407227,180,0.32687428819767206,,never_grasped
target_shift,absolute,40082,False,0.2928601801395416,0.006536722183227539,180,0.4574009175151801,,never_grasped
target_shift,absolute,40083,False,0.5136513113975525,0.3933868408203125,180,1.2882424012604545,,placement_or_release
target_shift,absolute,40084,False,0.4502267837524414,0.6104233264923096,180,0.3601559783449275,,never_grasped
target_shift,absolute,40085,False,0.22168856859207153,0.05570530891418457,180,0.48749635291491344,,never_grasped
target_shift,absolute,40086,True,0.011750840581953526,0.0016078948974609375,46,1.249239110853523,,
target_shift,absolute,40087,True,0.04325190186500549,0.006529331207275391,72,1.6549502041598316,,
target_shift,absolute,40088,True,0.01897425577044487,0.0041656494140625,91,1.5373293398297392,,
target_shift,absolute,40089,True,0.03367512673139572,0.011161327362060547,50,0.9577176627935842,,
target_shift,absolute,40090,False,0.6695833802223206,2.493046998977661,180,0.47109337012615526,,never_grasped
target_shift,absolute,40091,False,0.16510622203350067,0.03303384780883789,180,1.152154550756677,,placement_or_release
target_shift,absolute,40092,True,0.027019191533327103,0.0011594295501708984,41,1.1243602020840626,,
target_shift,absolute,40093,False,0.32048705220222473,0.5700371265411377,180,1.591643800958991,,never_grasped
target_shift,absolute,40094,True,0.039743855595588684,0.04895734786987305,72,1.8738955853041261,,
target_shift,absolute,40095,False,0.2052249014377594,0.011273860931396484,180,1.294000548456097,,placement_or_release
target_shift,absolute,40096,True,0.02453906275331974,0.003216266632080078,55,1.4741862772789318,,
target_shift,absolute,40097,True,0.027176832780241966,0.04414725303649902,50,1.4112000144086778,,
target_shift,absolute,40098,True,0.05139632150530815,0.021472930908203125,46,1.2232067948789336,,
target_shift,absolute,40099,False,0.10825711488723755,1.067432165145874,180,0.3314211213587015,,never_grasped
target_shift,relative,40000,True,0.013539374805986881,0.00888824462890625,54,1.4882392203576273,,
target_shift,relative,40001,True,0.011224682442843914,0.008141040802001953,53,1.6910440560259303,,
target_shift,relative,40002,True,0.011479544453322887,0.008036375045776367,50,1.2835479601862971,,
target_shift,relative,40003,True,0.01385640911757946,0.006028890609741211,46,0.9889775948522583,,
target_shift,relative,40004,True,0.01422880683094263,0.007009744644165039,50,1.3996594126738273,,
target_shift,relative,40005,True,0.015627779066562653,0.00821065902709961,43,1.2783248107434702,,
target_shift,relative,40006,True,0.012006808072328568,0.006440639495849609,51,1.298396537784356,,
target_shift,relative,40007,True,0.015310730785131454,0.006274223327636719,49,1.344852575168261,,
target_shift,relative,40008,True,0.013685178011655807,0.008853673934936523,48,1.361312056945735,,
target_shift,relative,40009,True,0.02469978854060173,0.0018477439880371094,37,0.8534773242899973,,
target_shift,relative,40010,True,0.014548452571034431,0.005503416061401367,45,1.337427297288741,,
target_shift,relative,40011,True,0.013592187315225601,0.006471872329711914,48,1.2190864788690305,,
target_shift,relative,40012,True,0.012989760376513004,0.006169557571411133,45,1.2074760275181688,,
target_shift,relative,40013,False,0.2893928289413452,0.676567554473877,180,0.41709676688425645,,never_grasped
target_shift,relative,40014,True,0.013688396662473679,0.008060455322265625,45,1.3473800091092016,,
target_shift,relative,40015,True,0.011667254380881786,0.005313873291015625,58,1.3128180385247106,,
target_shift,relative,40016,True,0.01228749006986618,0.007067441940307617,60,1.1511926756797948,,
target_shift,relative,40017,True,0.016400588676333427,0.0075626373291015625,52,1.5684363829386712,,
target_shift,relative,40018,True,0.012406609952449799,0.00791478157043457,43,1.2937812315585688,,
target_shift,relative,40019,True,0.012572630308568478,0.007883787155151367,51,1.105859683491417,,
target_shift,relative,40020,True,0.014443517662584782,0.006421804428100586,46,1.4219013180227194,,
target_shift,relative,40021,True,0.0150632094591856,0.006131887435913086,45,1.1815810797234008,,
target_shift,relative,40022,True,0.016721103340387344,0.006629228591918945,46,1.1317580418913167,,
target_shift,relative,40023,True,0.012287651188671589,0.005527496337890625,44,1.2757303584535293,,
target_shift,relative,40024,True,0.01297998521476984,0.006153106689453125,42,1.1519362049511983,,
target_shift,relative,40025,True,0.013002620078623295,0.0061798095703125,48,1.058984460028114,,
target_shift,relative,40026,True,0.011823216453194618,0.005699872970581055,46,1.325359621899679,,
target_shift,relative,40027,True,0.013835120014846325,0.007188081741333008,48,1.3444212419453834,,
target_shift,relative,40028,True,0.01413979846984148,0.005261659622192383,43,1.1981957243870056,,
target_shift,relative,40029,True,0.013633633963763714,0.008301973342895508,47,1.3527502564938914,,
target_shift,relative,40030,True,0.022410614416003227,0.006445169448852539,37,0.7568993886593489,,
target_shift,relative,40031,True,0.012013580650091171,0.006150722503662109,46,1.3721752517699315,,
target_shift,relative,40032,True,0.01138737890869379,0.007817268371582031,47,1.3583237200896292,,
target_shift,relative,40033,True,0.012572158128023148,0.005749940872192383,53,1.4794962533960643,,
target_shift,relative,40034,True,0.014271138235926628,0.005998373031616211,50,1.1013243489687738,,
target_shift,relative,40035,True,0.03137004002928734,0.0014958381652832031,39,1.0318718662219908,,
target_shift,relative,40036,True,0.012393580749630928,0.007184743881225586,55,1.4593804130686294,,
target_shift,relative,40037,True,0.014704382047057152,0.00635218620300293,51,1.2920526041625635,,
target_shift,relative,40038,True,0.015435139648616314,0.006001710891723633,57,1.6870802089351855,,
target_shift,relative,40039,True,0.015079962089657784,0.006412029266357422,50,1.4839330562945179,,
target_shift,relative,40040,True,0.013561862520873547,0.007025480270385742,56,1.5185096185323346,,
target_shift,relative,40041,True,0.01445713359862566,0.005534172058105469,57,1.3393347930896198,,
target_shift,relative,40042,True,0.014646712690591812,0.0053691864013671875,53,1.5204086106732575,,
target_shift,relative,40043,True,0.012362516485154629,0.007102489471435547,54,1.6143745811223198,,
target_shift,relative,40044,True,0.013504440896213055,0.006392240524291992,51,1.2340808536109762,,
target_shift,relative,40045,True,0.013496361672878265,0.008755683898925781,41,1.2143473186883966,,
target_shift,relative,40046,True,0.014721899293363094,0.006924152374267578,44,1.3421658081488204,,
target_shift,relative,40047,True,0.014354073442518711,0.006663084030151367,47,1.3194948308055245,,
target_shift,relative,40048,True,0.012294690124690533,0.008493185043334961,53,1.2049520345256042,,
target_shift,relative,40049,True,0.014998198486864567,0.008287906646728516,48,1.2082531694450154,,
target_shift,relative,40050,True,0.014159404672682285,0.0070760250091552734,54,1.4753210946901163,,
target_shift,relative,40051,True,0.01246021781116724,0.006833314895629883,53,1.411157204893243,,
target_shift,relative,40052,True,0.013019570149481297,0.006357431411743164,46,1.0472943575655336,,
target_shift,relative,40053,True,0.012403029017150402,0.00787043571472168,46,1.304166536782759,,
target_shift,relative,40054,True,0.012167372740805149,0.008556842803955078,46,1.217803705456845,,
target_shift,relative,40055,True,0.012893155217170715,0.0063321590423583984,50,1.5291364926938513,,
target_shift,relative,40056,True,0.0158220287412405,0.0069539546966552734,45,1.1466962536387655,,
target_shift,relative,40057,True,0.013450928032398224,0.00827336311340332,43,1.3006374807387147,,
target_shift,relative,40058,True,0.014520029537379742,0.006667375564575195,45,1.261672283138978,,
target_shift,relative,40059,True,0.011441448703408241,0.007534980773925781,54,1.2948566443390277,,
target_shift,relative,40060,True,0.01712259277701378,0.007045269012451172,57,1.521633689432747,,
target_shift,relative,40061,True,0.015661783516407013,0.006482601165771484,51,1.3529599417715872,,
target_shift,relative,40062,True,0.01287100464105606,0.0053863525390625,41,1.189625466547568,,
target_shift,relative,40063,True,0.011114359833300114,0.00809025764465332,45,1.1810234405666051,,
target_shift,relative,40064,True,0.015504609793424606,0.005705595016479492,51,1.172175222974147,,
target_shift,relative,40065,True,0.03742878884077072,0.010015487670898438,47,1.0074250221786087,,
target_shift,relative,40066,True,0.011260134167969227,0.008103370666503906,50,1.5617354940823134,,
target_shift,relative,40067,False,0.13945527374744415,0.017566442489624023,180,0.973056266296453,,placement_or_release
target_shift,relative,40068,True,0.008960489183664322,0.007286548614501953,40,0.960509543918306,,
target_shift,relative,40069,True,0.01425879169255495,0.006819486618041992,46,1.149487854491781,,
target_shift,relative,40070,True,0.011363365687429905,0.00782155990600586,54,1.7268745331480204,,
target_shift,relative,40071,True,0.01462623942643404,0.0061779022216796875,50,1.6509759308764842,,
target_shift,relative,40072,True,0.012048403732478619,0.006323337554931641,51,1.5165647172057106,,
target_shift,relative,40073,True,0.011207573115825653,0.007202863693237305,44,1.091487547259021,,
target_shift,relative,40074,True,0.015247832983732224,0.0062961578369140625,49,1.3570923240058619,,
target_shift,relative,40075,True,0.014555339701473713,0.0059015750885009766,44,1.1552344572801303,,
target_shift,relative,40076,True,0.015186166390776634,0.005980730056762695,47,1.3683852770118392,,
target_shift,relative,40077,True,0.014538278803229332,0.007421731948852539,46,1.3012209913640618,,
target_shift,relative,40078,True,0.013453541323542595,0.008379697799682617,52,1.0874713074877036,,
target_shift,relative,40079,True,0.01606067083775997,0.006288766860961914,49,1.4966435636652022,,
target_shift,relative,40080,True,0.013722121715545654,0.008249759674072266,54,1.3437235107121523,,
target_shift,relative,40081,True,0.026028933003544807,0.00997614860534668,40,1.059601612746519,,
target_shift,relative,40082,True,0.011749391444027424,0.0064830780029296875,53,1.140163446743827,,
target_shift,relative,40083,True,0.01444541197270155,0.0069789886474609375,52,1.4697956398031238,,
target_shift,relative,40084,True,0.013633842580020428,0.008783102035522461,50,1.5047972400909657,,
target_shift,relative,40085,True,0.016517043113708496,0.0067059993743896484,44,1.0650698061717776,,
target_shift,relative,40086,True,0.012644637376070023,0.006943702697753906,45,1.194532988172341,,
target_shift,relative,40087,True,0.013173636980354786,0.008688926696777344,47,1.4831434363063636,,
target_shift,relative,40088,True,0.01273818127810955,0.0055735111236572266,47,1.4206399829645306,,
target_shift,relative,40089,True,0.014035427942872047,0.005919218063354492,55,1.0648574755896334,,
target_shift,relative,40090,True,0.01221053022891283,0.0059032440185546875,54,1.5472482610998668,,
target_shift,relative,40091,True,0.014337101951241493,0.006088733673095703,40,1.1316452686778575,,
target_shift,relative,40092,True,0.0378754697740078,0.0070056915283203125,37,0.8913542871578102,,
target_shift,relative,40093,True,0.010790481232106686,0.006636381149291992,48,1.158222093734821,,
target_shift,relative,40094,True,0.01420646533370018,0.005662441253662109,52,1.5456874914607397,,
target_shift,relative,40095,True,0.013372174464166164,0.008130550384521484,45,1.3467835456658577,,
target_shift,relative,40096,True,0.014951512217521667,0.0071947574615478516,53,1.4152264295080386,,
target_shift,relative,40097,True,0.013221785426139832,0.007369279861450195,54,1.2572333574612458,,
target_shift,relative,40098,True,0.01514654140919447,0.006834983825683594,45,1.3262859286651292,,
target_shift,relative,40099,True,0.02562948875129223,0.009180307388305664,40,0.8288403110095715,,
target_shift,recurrent,40000,True,0.012101545929908752,0.00426483154296875,51,1.4276540186838247,,
target_shift,recurrent,40001,True,0.01252223365008831,0.0003600120544433594,54,1.7637650578399189,,
target_shift,recurrent,40002,True,0.01599714905023575,0.003316640853881836,50,1.2371044945903122,,
target_shift,recurrent,40003,True,0.012863990850746632,0.004336357116699219,43,1.080785881378688,,
target_shift,recurrent,40004,True,0.01495644636452198,0.0067064762115478516,50,1.4065560589078814,,
target_shift,recurrent,40005,True,0.05320490896701813,0.047011375427246094,39,1.209991805255413,,
target_shift,recurrent,40006,True,0.025494854897260666,0.008419513702392578,48,1.26921793341171,,
target_shift,recurrent,40007,True,0.0022345231845974922,0.012607574462890625,45,1.350029353518039,,
target_shift,recurrent,40008,True,0.007837755605578423,0.01002955436706543,45,1.2853010124526918,,
target_shift,recurrent,40009,True,0.017217768356204033,0.002789735794067383,43,1.0550702756736428,,
target_shift,recurrent,40010,True,0.012802246026694775,0.0022432804107666016,45,1.3714076724136248,,
target_shift,recurrent,40011,True,0.013059250079095364,0.04524827003479004,48,1.1880619301227853,,
target_shift,recurrent,40012,True,0.007986560463905334,0.0021300315856933594,43,1.1756683081039228,,
target_shift,recurrent,40013,True,0.012136087752878666,0.0015349388122558594,53,1.3394993494148366,,
target_shift,recurrent,40014,True,0.017041949555277824,0.011694192886352539,45,1.390365410130471,,
target_shift,recurrent,40015,True,0.013593826442956924,0.003208160400390625,54,1.2688964491244406,,
target_shift,recurrent,40016,True,0.013697545975446701,0.0048220157623291016,47,1.072611699346453,,
target_shift,recurrent,40017,True,0.01723390631377697,0.013747930526733398,49,1.5379402382532135,,
target_shift,recurrent,40018,True,0.012665477581322193,0.0002486705780029297,46,1.3529157403972931,,
target_shift,recurrent,40019,True,0.00697990320622921,0.003918886184692383,47,1.0575848027365282,,
target_shift,recurrent,40020,True,0.012684488669037819,0.0007770061492919922,49,1.534824010101147,,
target_shift,recurrent,40021,True,0.01249573566019535,0.00030875205993652344,48,1.4499906480778009,,
target_shift,recurrent,40022,True,0.01122015155851841,0.004091024398803711,51,1.1718205946090166,,
target_shift,recurrent,40023,True,0.017308061942458153,0.006284475326538086,43,1.2962565090274438,,
target_shift,recurrent,40024,True,0.03838493674993515,0.016602754592895508,41,1.219571174995508,,
target_shift,recurrent,40025,True,0.008479786105453968,0.003582000732421875,46,1.069373911654111,,
target_shift,recurrent,40026,True,0.014420190826058388,0.0010449886322021484,68,1.8510948742041364,,
target_shift,recurrent,40027,True,0.011987505480647087,0.0011823177337646484,48,1.342794324271381,,
target_shift,recurrent,40028,True,0.011708028614521027,0.002568483352661133,43,1.2635163716040552,,
target_shift,recurrent,40029,True,0.011921916157007217,0.005028963088989258,45,1.3251110798446462,,
target_shift,recurrent,40030,True,0.02059915103018284,0.0039751529693603516,42,0.9443711964413524,,
target_shift,recurrent,40031,True,0.03950268402695656,0.01837301254272461,43,1.3033224449609406,,
target_shift,recurrent,40032,True,0.013819853775203228,0.0008335113525390625,48,1.4242955341469496,,
target_shift,recurrent,40033,True,0.018452998250722885,0.0045430660247802734,53,1.4500832685735077,,
target_shift,recurrent,40034,True,0.007996931672096252,0.007604360580444336,49,1.0779510610736907,,
target_shift,recurrent,40035,True,0.014357956126332283,0.00047278404235839844,60,1.6064622324774973,,
target_shift,recurrent,40036,True,0.01298429723829031,0.0007784366607666016,53,1.4501184210530482,,
target_shift,recurrent,40037,True,0.015879781916737556,0.003885507583618164,56,1.482168072834611,,
target_shift,recurrent,40038,True,0.005617364775389433,0.016005516052246094,48,1.5321335911285132,,
target_shift,recurrent,40039,True,0.004631288815289736,0.014285087585449219,45,1.3812307135667652,,
target_shift,recurrent,40040,True,0.01157484482973814,8.749961853027344e-05,59,1.573131520592142,,
target_shift,recurrent,40041,True,0.00932725053280592,0.004925966262817383,52,1.2686936823884025,,
target_shift,recurrent,40042,True,0.008571350015699863,0.005738496780395508,50,1.4504733640351333,,
target_shift,recurrent,40043,True,0.035915885120630264,0.016161441802978516,48,1.561429703840986,,
target_shift,recurrent,40044,True,0.01304708980023861,0.030971288681030273,46,1.2664775791345164,,
target_shift,recurrent,40045,True,0.014386391267180443,0.0032601356506347656,41,1.2497266073478386,,
target_shift,recurrent,40046,True,0.018468964844942093,0.003137826919555664,44,1.3097629010444507,,
target_shift,recurrent,40047,True,0.013673776760697365,0.00937342643737793,44,1.2621983952994924,,
target_shift,recurrent,40048,True,0.012998472899198532,0.0005428791046142578,53,1.2519694158108905,,
target_shift,recurrent,40049,True,0.01686757244169712,0.01072072982788086,48,1.1917619806481525,,
target_shift,recurrent,40050,True,0.011557795107364655,0.002202272415161133,52,1.4451904438901693,,
target_shift,recurrent,40051,True,0.009165129624307156,0.0022628307342529297,50,1.3726782196899876,,
target_shift,recurrent,40052,True,0.013874869793653488,0.0006232261657714844,50,1.1862340653315187,,
target_shift,recurrent,40053,True,0.012364564463496208,0.003184080123901367,46,1.3696414874866605,,
target_shift,recurrent,40054,True,0.013120078481733799,0.0010921955108642578,51,1.3244176253210753,,
target_shift,recurrent,40055,True,0.02267659269273281,0.011959552764892578,42,1.2975964712677523,,
target_shift,recurrent,40056,True,0.0146321477368474,0.011269807815551758,46,1.1936152320122346,,
target_shift,recurrent,40057,True,0.01834169030189514,0.007313966751098633,41,1.2168321532662958,,
target_shift,recurrent,40058,True,0.014365283772349358,0.006390810012817383,43,1.1117103801807389,,
target_shift,recurrent,40059,True,0.01202706340700388,0.0011920928955078125,47,1.5165263504022732,,
target_shift,recurrent,40060,True,0.027451910078525543,0.015892982482910156,56,1.5258081826614216,,
target_shift,recurrent,40061,True,0.008712219074368477,0.006246805191040039,49,1.3613711015786976,,
target_shift,recurrent,40062,True,0.03555245324969292,0.017215728759765625,39,1.1961868987418711,,
target_shift,recurrent,40063,True,0.03858571499586105,0.021212339401245117,42,1.1689735872205347,,
target_shift,recurrent,40064,True,0.014736004173755646,0.0016062259674072266,57,1.3733797798631713,,
target_shift,recurrent,40065,True,0.011190792545676231,0.0014781951904296875,46,1.125950352055952,,
target_shift,recurrent,40066,True,0.013437619432806969,0.0016429424285888672,69,2.0310484734363854,,
target_shift,recurrent,40067,True,0.015000605955719948,0.003088235855102539,43,1.1767348820576444,,
target_shift,recurrent,40068,True,0.015315860509872437,0.002112865447998047,46,1.0336640565656126,,
target_shift,recurrent,40069,True,0.011459952220320702,0.001291513442993164,46,1.1296839348506182,,
target_shift,recurrent,40070,True,0.013560422696173191,0.0013494491577148438,73,2.128937644767575,,
target_shift,recurrent,40071,True,0.00867192167788744,0.0019865036010742188,51,1.688753636321053,,
target_shift,recurrent,40072,True,0.01372496411204338,0.00177764892578125,71,1.983215203974396,,
target_shift,recurrent,40073,True,0.01884358376264572,0.002145528793334961,41,1.09205382008804,,
target_shift,recurrent,40074,True,0.012484518811106682,0.00032830238342285156,48,1.4179495592834428,,
target_shift,recurrent,40075,True,0.01024019904434681,0.002008676528930664,45,1.0017611958901398,,
target_shift,recurrent,40076,True,0.013808706775307655,0.009736776351928711,47,1.4129308066912927,,
target_shift,recurrent,40077,True,0.011328335851430893,0.005037069320678711,45,1.326079509803094,,
target_shift,recurrent,40078,True,0.01583540253341198,0.005307912826538086,49,1.0016187536530197,,
target_shift,recurrent,40079,True,0.008862350136041641,0.010071992874145508,43,1.3947723963065073,,
target_shift,recurrent,40080,True,0.012102498672902584,0.0003719329833984375,56,1.4142899204744026,,
target_shift,recurrent,40081,True,0.01453420054167509,0.00325775146484375,83,2.377109507797286,,
target_shift,recurrent,40082,True,0.013269847258925438,0.0010905265808105469,50,1.2659157635062002,,
target_shift,recurrent,40083,True,0.012443726882338524,0.0005931854248046875,52,1.5110360614489764,,
target_shift,recurrent,40084,True,0.014089436270296574,0.0022394657135009766,90,2.6936393205542117,,
target_shift,recurrent,40085,True,0.011798766441643238,0.00025391578674316406,46,1.1914652445120737,,
target_shift,recurrent,40086,True,0.01392820943146944,0.013835430145263672,43,1.270690607256256,,
target_shift,recurrent,40087,True,0.010395591147243977,0.008903264999389648,42,1.3892407648963854,,
target_shift,recurrent,40088,True,0.017769334837794304,0.004168033599853516,46,1.4292638471815735,,
target_shift,recurrent,40089,True,0.009418192319571972,0.0017406940460205078,56,1.1472661164589226,,
target_shift,recurrent,40090,True,0.013623575679957867,0.0005817413330078125,72,1.7945151164894924,,
target_shift,recurrent,40091,True,0.010092498734593391,0.002791166305541992,40,1.1665582788409665,,
target_shift,recurrent,40092,True,0.014181068167090416,0.0029904842376708984,42,1.1172152674407698,,
target_shift,recurrent,40093,True,0.012433291412889957,0.002058744430541992,51,1.2164119217777625,,
target_shift,recurrent,40094,False,0.5207355618476868,0.013553619384765625,180,1.632966837612912,,placement_or_release
target_shift,recurrent,40095,True,0.014442143961787224,0.0033750534057617188,73,2.1684796935878694,,
target_shift,recurrent,40096,True,0.009611816145479679,0.005608320236206055,53,1.4543936647241935,,
target_shift,recurrent,40097,True,0.012178213335573673,0.018227577209472656,53,1.2231886902009137,,
target_shift,recurrent,40098,True,0.01492262165993452,0.011220932006835938,46,1.3729635759955272,,
target_shift,recurrent,40099,True,0.01654365286231041,0.008407831192016602,40,0.928129707230255,,
object_shift,replay,50000,False,0.14528752863407135,0.7913553714752197,180,1.4976563233067282,,never_grasped
object_shift,replay,50001,False,0.5821226239204407,1.5600693225860596,180,1.4976563233067282,,never_grasped
object_shift,replay,50002,False,0.18491481244564056,2.5234622955322266,180,1.4976563233067282,,never_grasped
object_shift,replay,50003,False,0.444903701543808,2.510676622390747,180,1.4976563233067282,,never_grasped
object_shift,replay,50004,False,0.21408537030220032,2.5145599842071533,180,1.4976563233067282,,never_grasped
object_shift,replay,50005,False,0.30947381258010864,1.761394739151001,180,1.4976563233067282,,never_grasped
object_shift,replay,50006,False,0.4661433696746826,2.1756746768951416,180,1.4976563233067282,,never_grasped
object_shift,replay,50007,False,0.13648271560668945,2.502579927444458,180,1.4976563233067282,,never_grasped
object_shift,replay,50008,False,0.4270590543746948,2.942095994949341,180,1.4976563233067282,,never_grasped
object_shift,replay,50009,False,0.34436023235321045,0.938286542892456,180,1.4976563233067282,,never_grasped
object_shift,replay,50010,False,0.34816643595695496,1.1698811054229736,180,1.4976563233067282,,placement_or_release
object_shift,replay,50011,False,0.18143992125988007,3.0622751712799072,180,1.4976563233067282,,never_grasped
object_shift,replay,50012,False,0.4655750095844269,3.1011650562286377,180,1.4976563233067282,,never_grasped
object_shift,replay,50013,False,0.4244284927845001,0.7188520431518555,180,1.4976563233067282,,never_grasped
object_shift,replay,50014,False,0.35303008556365967,0.31090807914733887,180,1.4976563233067282,,never_grasped
object_shift,replay,50015,False,0.5117347836494446,2.826378107070923,180,1.4976563233067282,,never_grasped
object_shift,replay,50016,False,0.053629931062459946,2.5498650074005127,180,1.4976563233067282,,never_grasped
object_shift,replay,50017,False,0.653836190700531,1.8450183868408203,180,1.4976563233067282,,never_grasped
object_shift,replay,50018,False,0.21839872002601624,2.755197525024414,180,1.4976563233067282,,never_grasped
object_shift,replay,50019,False,0.11389058828353882,2.920945405960083,180,1.4976563233067282,,never_grasped
object_shift,replay,50020,False,0.1940254122018814,0.8979451656341553,180,1.4976563233067282,,never_grasped
object_shift,replay,50021,False,0.4073195159435272,1.13688063621521,180,1.4976563233067282,,never_grasped
object_shift,replay,50022,False,0.03134312108159065,1.8747713565826416,180,1.4976563233067282,,never_grasped
object_shift,replay,50023,False,0.30735185742378235,2.506411552429199,180,1.4976563233067282,,never_grasped
object_shift,replay,50024,False,0.41358280181884766,0.6341574192047119,180,1.4976563233067282,,never_grasped
object_shift,replay,50025,False,0.6550611257553101,2.1427557468414307,180,1.4976563233067282,,never_grasped
object_shift,replay,50026,False,0.534235954284668,0.204451322555542,180,1.4976563233067282,,never_grasped
object_shift,replay,50027,False,0.14170295000076294,1.9617491960525513,180,1.4976563233067282,,never_grasped
object_shift,replay,50028,False,0.22919157147407532,1.6950008869171143,180,1.4976563233067282,,never_grasped
object_shift,replay,50029,False,0.0834474042057991,2.2479851245880127,180,1.4976563233067282,,never_grasped
object_shift,replay,50030,False,0.2357310652732849,0.45452094078063965,180,1.4976563233067282,,never_grasped
object_shift,replay,50031,False,0.2638513743877411,0.12311387062072754,180,1.4976563233067282,,never_grasped
object_shift,replay,50032,False,0.19519709050655365,3.1060450077056885,180,1.4976563233067282,,never_grasped
object_shift,replay,50033,False,0.0574323907494545,1.6071045398712158,180,1.4976563233067282,,never_grasped
object_shift,replay,50034,False,0.3201586604118347,3.087010622024536,180,1.4976563233067282,,never_grasped
object_shift,replay,50035,False,0.039621952921152115,3.0518853664398193,180,1.4976563233067282,,never_grasped
object_shift,replay,50036,False,0.12469879537820816,2.303382158279419,180,1.4976563233067282,,never_grasped
object_shift,replay,50037,False,0.04814210161566734,0.1772472858428955,180,1.4976563233067282,,never_grasped
object_shift,replay,50038,False,0.18417347967624664,0.8818209171295166,180,1.4976563233067282,,never_grasped
object_shift,replay,50039,False,0.11973684281110764,0.6519412994384766,180,1.4976563233067282,,never_grasped
object_shift,replay,50040,False,0.2409970462322235,2.2776615619659424,180,1.4976563233067282,,never_grasped
object_shift,replay,50041,False,0.2997555136680603,2.8557188510894775,180,1.4976563233067282,,never_grasped
object_shift,replay,50042,False,0.5753779411315918,3.0171642303466797,180,1.4976563233067282,,never_grasped
object_shift,replay,50043,False,0.14943282306194305,0.7771346569061279,180,1.4976563233067282,,never_grasped
object_shift,replay,50044,False,0.4321582019329071,1.270381212234497,180,1.4976563233067282,,never_grasped
object_shift,replay,50045,False,0.2677091062068939,0.28253769874572754,180,1.4976563233067282,,never_grasped
object_shift,replay,50046,False,0.3422715663909912,1.7843674421310425,180,1.4976563233067282,,never_grasped
object_shift,replay,50047,False,0.2508256435394287,2.365328550338745,180,1.4976563233067282,,never_grasped
object_shift,replay,50048,False,0.24312546849250793,1.9422543048858643,180,1.4976563233067282,,never_grasped
object_shift,replay,50049,False,0.1312256008386612,2.5469553470611572,180,1.4976563233067282,,never_grasped
object_shift,replay,50050,False,0.2004774510860443,2.112685441970825,180,1.4976563233067282,,never_grasped
object_shift,replay,50051,False,0.25720274448394775,0.9428684711456299,180,1.4976563233067282,,never_grasped
object_shift,replay,50052,False,0.35799694061279297,2.369769334793091,180,1.4976563233067282,,never_grasped
object_shift,replay,50053,False,0.11294479668140411,1.7053983211517334,180,1.4976563233067282,,never_grasped
object_shift,replay,50054,False,0.4062989056110382,0.9788687229156494,180,1.4976563233067282,,never_grasped
object_shift,replay,50055,False,0.5269795656204224,1.904564619064331,180,1.4976563233067282,,never_grasped
object_shift,replay,50056,False,0.438852459192276,1.4313504695892334,180,1.4976563233067282,,never_grasped
object_shift,replay,50057,False,0.23634250462055206,1.3071608543395996,180,1.4976563233067282,,never_grasped
object_shift,replay,50058,False,0.163083016872406,0.5916047096252441,180,1.4976563233067282,,never_grasped
object_shift,replay,50059,False,0.4861564338207245,2.0851643085479736,180,1.4976563233067282,,never_grasped
object_shift,replay,50060,False,0.2581084668636322,2.5873608589172363,180,1.4976563233067282,,never_grasped
object_shift,replay,50061,False,0.31524398922920227,1.4478719234466553,180,1.4976563233067282,,never_grasped
object_shift,replay,50062,False,0.4255888760089874,1.3960587978363037,180,1.4976563233067282,,never_grasped
object_shift,replay,50063,False,0.5549995303153992,2.0257132053375244,180,1.4976563233067282,,never_grasped
object_shift,replay,50064,False,0.32713767886161804,0.7301247119903564,180,1.4976563233067282,,never_grasped
object_shift,replay,50065,False,0.540038526058197,1.0605149269104004,180,1.4976563233067282,,never_grasped
object_shift,replay,50066,False,0.4697793424129486,0.3311350345611572,180,1.4976563233067282,,never_grasped
object_shift,replay,50067,False,0.203040212392807,2.771415948867798,180,1.4976563233067282,,never_grasped
object_shift,replay,50068,False,0.109970323741436,3.0818798542022705,180,1.4976563233067282,,never_grasped
object_shift,replay,50069,False,0.37768638134002686,0.22142410278320312,180,1.4976563233067282,,never_grasped
object_shift,replay,50070,False,0.2832045257091522,2.1887025833129883,180,1.4976563233067282,,never_grasped
object_shift,replay,50071,False,0.24339133501052856,1.8600385189056396,180,1.4976563233067282,,never_grasped
object_shift,replay,50072,False,0.3095656633377075,0.4420287609100342,180,1.4976563233067282,,never_grasped
object_shift,replay,50073,False,0.51341313123703,1.2096569538116455,180,1.4976563233067282,,never_grasped
object_shift,replay,50074,False,0.2013101726770401,0.9852890968322754,180,1.4976563233067282,,never_grasped
object_shift,replay,50075,False,0.2643253803253174,0.5617890357971191,180,1.4976563233067282,,never_grasped
object_shift,replay,50076,False,0.2539092004299164,0.14655137062072754,180,1.4976563233067282,,never_grasped
object_shift,replay,50077,False,0.19684302806854248,2.0597546100616455,180,1.4976563233067282,,never_grasped
object_shift,replay,50078,False,0.3476201295852661,3.0210909843444824,180,1.4976563233067282,,never_grasped
object_shift,replay,50079,False,0.43090447783470154,1.0563292503356934,180,1.4976563233067282,,never_grasped
object_shift,replay,50080,False,0.45188871026039124,1.8900821208953857,180,1.4976563233067282,,never_grasped
object_shift,replay,50081,False,0.20942972600460052,2.31343674659729,180,1.4976563233067282,,never_grasped
object_shift,replay,50082,False,0.13048768043518066,2.9497087001800537,180,1.4976563233067282,,never_grasped
object_shift,replay,50083,False,0.6370686292648315,1.080353021621704,180,1.4976563233067282,,never_grasped
object_shift,replay,50084,False,0.19930163025856018,1.4602234363555908,180,1.4976563233067282,,never_grasped
object_shift,replay,50085,False,0.3131251037120819,2.2697794437408447,180,1.4976563233067282,,never_grasped
object_shift,replay,50086,False,0.46379148960113525,0.8204753398895264,180,1.4976563233067282,,never_grasped
object_shift,replay,50087,False,0.27098384499549866,0.7426674365997314,180,1.4976563233067282,,never_grasped
object_shift,replay,50088,False,0.5232329964637756,0.4557514190673828,180,1.4976563233067282,,never_grasped
object_shift,replay,50089,False,0.10929428786039352,3.0250682830810547,180,1.4976563233067282,,never_grasped
object_shift,replay,50090,False,0.3353588879108429,1.0251476764678955,180,1.4976563233067282,,never_grasped
object_shift,replay,50091,False,0.4401853680610657,2.9618265628814697,180,1.4976563233067282,,never_grasped
object_shift,replay,50092,False,0.23677504062652588,0.028024911880493164,180,1.4976563233067282,,never_grasped
object_shift,replay,50093,False,0.24665895104408264,1.246645212173462,180,1.4976563233067282,,never_grasped
object_shift,replay,50094,False,0.24682429432868958,1.030055284500122,180,1.4976563233067282,,never_grasped
object_shift,replay,50095,False,0.09874477237462997,1.1216967105865479,180,1.4976563233067282,,never_grasped
object_shift,replay,50096,False,0.37982478737831116,2.0353825092315674,180,1.4976563233067282,,never_grasped
object_shift,replay,50097,False,0.03525574505329132,0.31151700019836426,180,1.4976563233067282,,never_grasped
object_shift,replay,50098,False,0.16919514536857605,1.672471284866333,180,1.4976563233067282,,never_grasped
object_shift,replay,50099,False,0.43447625637054443,2.2533299922943115,180,1.4976563233067282,,never_grasped
object_shift,absolute,50000,False,0.14528752863407135,0.7913553714752197,180,0.951406333040012,,never_grasped
object_shift,absolute,50001,False,0.3725700080394745,0.390613317489624,180,2.0992418791641825,,placement_or_release
object_shift,absolute,50002,False,0.18491481244564056,0.22719287872314453,180,1.2105818852363228,,placement_or_release
object_shift,absolute,50003,False,0.444903701543808,0.8708508014678955,180,1.2671841163762494,,placement_or_release
object_shift,absolute,50004,False,0.21408537030220032,0.9382069110870361,180,2.4590382276366185,,placement_or_release
object_shift,absolute,50005,False,0.30947381258010864,1.761394739151001,180,0.8552770405596206,,never_grasped
object_shift,absolute,50006,False,0.4661433696746826,2.1756746768951416,180,1.8634357299888507,,never_grasped
object_shift,absolute,50007,False,0.13648271560668945,0.6631453037261963,180,1.2931954147728746,,placement_or_release
object_shift,absolute,50008,True,0.021326715126633644,0.0017099380493164062,84,2.192737862584181,,
object_shift,absolute,50009,True,0.017640063539147377,0.022280454635620117,73,1.4786334113359771,,
object_shift,absolute,50010,False,0.34816643595695496,1.5282127857208252,180,0.7578462776987891,,never_grasped
object_shift,absolute,50011,False,0.08154485374689102,0.010296344757080078,180,1.7393585693404425,,placement_or_release
object_shift,absolute,50012,False,0.4655750095844269,0.8282346725463867,180,1.3723525033345183,,placement_or_release
object_shift,absolute,50013,False,0.4244284927845001,0.7188520431518555,180,0.6035729606508511,,never_grasped
object_shift,absolute,50014,False,0.35303008556365967,0.31090807914733887,180,0.945707607372924,,never_grasped
object_shift,absolute,50015,True,0.007963161915540695,0.006736040115356445,95,2.772235369833652,,
object_shift,absolute,50016,True,0.034234024584293365,0.007771730422973633,53,1.295266163055203,,
object_shift,absolute,50017,False,0.653836190700531,0.19268393516540527,180,1.4261295161071814,,placement_or_release
object_shift,absolute,50018,True,0.027068186551332474,0.00508880615234375,74,1.7529435644974,,
object_shift,absolute,50019,False,0.09876148402690887,0.013093709945678711,180,1.638291915195559,,placement_or_release
object_shift,absolute,50020,False,0.1940254122018814,0.8979451656341553,180,0.5762985107200365,,never_grasped
object_shift,absolute,50021,False,0.4073195159435272,0.4481379985809326,180,1.0135163724392875,,placement_or_release
object_shift,absolute,50022,False,0.03134312108159065,1.8747713565826416,180,0.633202803494548,,never_grasped
object_shift,absolute,50023,False,0.30735185742378235,0.22810077667236328,180,1.1888200173320875,,placement_or_release
object_shift,absolute,50024,False,0.41358280181884766,0.6341574192047119,180,1.0628519892954884,,never_grasped
object_shift,absolute,50025,False,0.6550611257553101,2.1427557468414307,180,0.6776317233305278,,never_grasped
object_shift,absolute,50026,True,0.014782763086259365,0.0021975040435791016,151,2.4183683310279775,,
object_shift,absolute,50027,False,0.14170295000076294,0.15858769416809082,180,1.1792057185935718,,placement_or_release
object_shift,absolute,50028,False,0.22919157147407532,0.010538578033447266,180,1.333752958055797,,placement_or_release
object_shift,absolute,50029,False,0.0834474042057991,0.14958620071411133,180,0.9865580723173721,,placement_or_release
object_shift,absolute,50030,False,0.2357310652732849,0.017553091049194336,180,0.9720590378693785,,placement_or_release
object_shift,absolute,50031,False,0.2638513743877411,0.002282381057739258,180,1.2331729929111042,,placement_or_release
object_shift,absolute,50032,False,0.19519709050655365,1.2434666156768799,180,1.2428591569131981,,placement_or_release
object_shift,absolute,50033,False,0.0574323907494545,1.6071045398712158,180,0.6195347271153686,,never_grasped
object_shift,absolute,50034,True,0.050646647810935974,0.010466337203979492,86,2.087650100729661,,
object_shift,absolute,50035,False,0.039621952921152115,1.598254680633545,180,1.0795962218302506,,placement_or_release
object_shift,absolute,50036,False,0.12469879537820816,2.303382158279419,180,1.6106427408521995,,never_grasped
object_shift,absolute,50037,False,0.04814210161566734,0.1772472858428955,180,0.6217208504153788,,never_grasped
object_shift,absolute,50038,False,0.18417347967624664,0.8818209171295166,180,0.566323155211208,,never_grasped
object_shift,absolute,50039,False,0.11973684281110764,0.01346135139465332,180,1.0509977290005992,,placement_or_release
object_shift,absolute,50040,False,0.2409970462322235,2.2776615619659424,180,0.5418001428953758,,never_grasped
object_shift,absolute,50041,False,0.17248933017253876,0.029454946517944336,180,2.058489286344411,,placement_or_release
object_shift,absolute,50042,True,0.004719666205346584,0.011826038360595703,109,2.5607640963280573,,
object_shift,absolute,50043,False,0.14943282306194305,0.7771346569061279,180,0.7260548564472487,,never_grasped
object_shift,absolute,50044,False,0.4321582019329071,0.06077408790588379,180,1.3804138345096746,,placement_or_release
object_shift,absolute,50045,False,0.2677091062068939,0.055417537689208984,180,1.34781750939797,,placement_or_release
object_shift,absolute,50046,False,0.3422715663909912,1.7843674421310425,180,0.5425581009815517,,never_grasped
object_shift,absolute,50047,False,0.2508256435394287,0.3940403461456299,180,1.0223598253487722,,placement_or_release
object_shift,absolute,50048,False,0.24312546849250793,1.4271137714385986,180,1.211274214554976,,placement_or_release
object_shift,absolute,50049,False,0.1312256008386612,0.588355541229248,180,2.8705820909235626,,placement_or_release
object_shift,absolute,50050,False,0.2004774510860443,0.20468354225158691,180,1.1218036362373311,,placement_or_release
object_shift,absolute,50051,False,0.25720274448394775,0.9428684711456299,180,0.8307449862054455,,never_grasped
object_shift,absolute,50052,True,0.005896702408790588,0.002474069595336914,64,2.0447699973592535,,
object_shift,absolute,50053,False,0.11294479668140411,0.010021686553955078,180,1.0251251279433546,,placement_or_release
object_shift,absolute,50054,False,0.4062989056110382,0.017391204833984375,180,1.369031767740374,,placement_or_release
object_shift,absolute,50055,False,0.5269795656204224,0.45626282691955566,180,1.1767739247533946,,placement_or_release
object_shift,absolute,50056,True,0.010479093529284,0.007532358169555664,74,2.1634182693669572,,
object_shift,absolute,50057,False,0.23634250462055206,0.019122838973999023,180,1.0833242396079825,,placement_or_release
object_shift,absolute,50058,False,0.163083016872406,0.03128790855407715,180,1.3681992351672676,,placement_or_release
object_shift,absolute,50059,True,0.008744342252612114,0.004199028015136719,69,2.231602556363214,,
object_shift,absolute,50060,False,0.2581084668636322,2.5873608589172363,180,0.9309564002570738,,never_grasped
object_shift,absolute,50061,False,0.31524398922920227,0.026682615280151367,180,1.3385082096824803,,placement_or_release
object_shift,absolute,50062,False,0.4255888760089874,0.009785890579223633,180,1.378163193621564,,placement_or_release
object_shift,absolute,50063,False,0.5549995303153992,0.015798330307006836,180,1.485447522350741,,placement_or_release
object_shift,absolute,50064,False,0.32713767886161804,0.010217666625976562,180,1.248133342990002,,placement_or_release
object_shift,absolute,50065,False,0.540038526058197,0.0179903507232666,180,1.1600612671780492,,placement_or_release
object_shift,absolute,50066,False,0.4697793424129486,0.0008881092071533203,180,1.4817924611885953,,placement_or_release
object_shift,absolute,50067,False,0.2198588252067566,0.0037276744842529297,180,1.7018696540617384,,placement_or_release
object_shift,absolute,50068,False,0.109970323741436,1.1865689754486084,180,1.282414474774356,,placement_or_release
object_shift,absolute,50069,False,0.37768638134002686,0.22142410278320312,180,0.8998343840067378,,never_grasped
object_shift,absolute,50070,False,0.2832045257091522,0.03876829147338867,180,1.1985940394515069,,placement_or_release
object_shift,absolute,50071,False,0.24339133501052856,0.2926759719848633,180,1.0523886195166128,,placement_or_release
object_shift,absolute,50072,False,0.3095656633377075,0.4420287609100342,180,1.0572806708726628,,never_grasped
object_shift,absolute,50073,False,0.4753398299217224,0.6517398357391357,180,2.7563009854056872,,placement_or_release
object_shift,absolute,50074,False,0.2013101726770401,0.9852890968322754,180,0.6238312173191503,,never_grasped
object_shift,absolute,50075,False,0.2643253803253174,0.5617890357971191,180,0.5547397947866877,,never_grasped
object_shift,absolute,50076,False,0.2539092004299164,0.14655137062072754,180,0.5637881773036284,,never_grasped
object_shift,absolute,50077,False,0.19684302806854248,0.618706464767456,180,1.1970030962409766,,placement_or_release
object_shift,absolute,50078,True,0.023091310635209084,0.011312484741210938,70,1.8890391428722069,,
object_shift,absolute,50079,True,0.02795293740928173,0.008569955825805664,63,1.903582164319232,,
object_shift,absolute,50080,False,0.45188871026039124,1.8900821208953857,180,0.6255234902770184,,never_grasped
object_shift,absolute,50081,False,0.20942972600460052,0.16286778450012207,180,1.2609335509057757,,placement_or_release
object_shift,absolute,50082,False,0.13048768043518066,2.9122793674468994,180,1.1599916496692444,,placement_or_release
object_shift,absolute,50083,True,0.03415524959564209,0.023729801177978516,104,2.6544079045997933,,
object_shift,absolute,50084,False,0.19930163025856018,1.4602234363555908,180,0.8109658394353403,,never_grasped
object_shift,absolute,50085,False,0.3131251037120819,2.2697794437408447,180,0.9172970290786502,,never_grasped
object_shift,absolute,50086,False,0.36712780594825745,0.5085575580596924,180,1.7292030111260885,,placement_or_release
object_shift,absolute,50087,False,0.27098384499549866,0.7426674365997314,180,0.5049722008562902,,never_grasped
object_shift,absolute,50088,False,0.5232329964637756,0.4557514190673828,180,1.4567485244801404,,never_grasped
object_shift,absolute,50089,True,0.04143523424863815,0.0044591426849365234,56,1.5236038161674514,,
object_shift,absolute,50090,False,0.3353588879108429,1.0251476764678955,180,1.1546736979055012,,never_grasped
object_shift,absolute,50091,True,0.008915250189602375,0.0072209835052490234,67,2.0327504343440523,,
object_shift,absolute,50092,False,0.23677504062652588,0.028024911880493164,180,0.8329404385836625,,never_grasped
object_shift,absolute,50093,False,0.24665895104408264,0.0008871555328369141,180,1.3035264066429875,,placement_or_release
object_shift,absolute,50094,False,0.24682429432868958,1.030055284500122,180,0.5224943105634701,,never_grasped
object_shift,absolute,50095,False,0.09874477237462997,0.012508869171142578,180,0.9723852417827104,,placement_or_release
object_shift,absolute,50096,False,0.37982478737831116,0.20420384407043457,180,1.313610336775028,,placement_or_release
object_shift,absolute,50097,True,0.04785475507378578,0.0047719478607177734,80,1.2702796768862754,,
object_shift,absolute,50098,False,0.16919514536857605,0.018971681594848633,180,1.0673874735120776,,placement_or_release
object_shift,absolute,50099,False,0.5226877927780151,0.7742862701416016,180,2.317126924157108,,placement_or_release
object_shift,relative,50000,True,0.045389071106910706,0.0043179988861083984,63,1.3309595516693662,,
object_shift,relative,50001,True,0.014284525066614151,0.005633831024169922,74,2.185048865142562,,
object_shift,relative,50002,False,0.18491481244564056,0.19424915313720703,180,1.2256102820529406,,placement_or_release
object_shift,relative,50003,True,0.012009086087346077,0.006392717361450195,63,1.7056267271059369,,
object_shift,relative,50004,True,0.020789463073015213,0.0077304840087890625,64,2.1816814875569435,,
object_shift,relative,50005,True,0.013500252738595009,0.005919456481933594,68,2.0391082086325696,,
object_shift,relative,50006,False,0.4661433696746826,2.1756746768951416,180,0.5341052065715743,,never_grasped
object_shift,relative,50007,True,0.013386551290750504,0.00663304328918457,70,2.017632576879805,,
object_shift,relative,50008,True,0.014577805995941162,0.005476474761962891,70,2.1387642402451092,,
object_shift,relative,50009,False,0.34436023235321045,0.938286542892456,180,0.5630348946924144,,never_grasped
object_shift,relative,50010,True,0.013589208014309406,0.007861137390136719,62,1.8607545405789097,,
object_shift,relative,50011,True,0.014133306220173836,0.00589752197265625,68,2.130058667933554,,
object_shift,relative,50012,True,0.013837919570505619,0.008115053176879883,72,2.4020771645305103,,
object_shift,relative,50013,True,0.013161500915884972,0.006081819534301758,65,2.1000252955745964,,
object_shift,relative,50014,True,0.0123256491497159,0.005850076675415039,75,2.169034416372142,,
object_shift,relative,50015,False,0.5117347836494446,2.826378107070923,180,0.8919927654635416,,never_grasped
object_shift,relative,50016,True,0.012551583349704742,0.0071871280670166016,56,1.453167845129883,,
object_shift,relative,50017,True,0.014022521674633026,0.0070912837982177734,75,2.692451429248649,,
object_shift,relative,50018,True,0.027290794998407364,0.008867740631103516,57,1.612791544985157,,
object_shift,relative,50019,True,0.014006596058607101,0.006880998611450195,65,1.8957207026132892,,
object_shift,relative,50020,False,0.1940254122018814,0.0010311603546142578,180,1.1617739664264164,,placement_or_release
object_shift,relative,50021,True,0.01109879370778799,0.008245229721069336,70,2.3066031038929395,,
object_shift,relative,50022,True,0.012644416652619839,0.008372306823730469,54,1.180940074789305,,
object_shift,relative,50023,True,0.013819742016494274,0.007790565490722656,67,1.9728479594868986,,
object_shift,relative,50024,True,0.013018296100199223,0.006162166595458984,69,2.2380959233196336,,
object_shift,relative,50025,True,0.014471219852566719,0.006876945495605469,80,2.6958555818346213,,
object_shift,relative,50026,True,0.01237570121884346,0.007680654525756836,71,2.1057983719247204,,
object_shift,relative,50027,True,0.012456034310162067,0.007174253463745117,58,1.5955460338009289,,
object_shift,relative,50028,True,0.01404308620840311,0.007198333740234375,63,1.957899570347763,,
object_shift,relative,50029,False,0.0834474042057991,0.0035009384155273438,180,1.0153073181997563,,placement_or_release
object_shift,relative,50030,True,0.009662476368248463,0.007542848587036133,58,1.6065945283121437,,
object_shift,relative,50031,True,0.008405821397900581,0.006201982498168945,61,1.8817704934467656,,
object_shift,relative,50032,True,0.013213515281677246,0.008128643035888672,62,1.9623967118227483,,
object_shift,relative,50033,False,0.13944683969020844,0.01757073402404785,180,1.1543585296290075,,placement_or_release
object_shift,relative,50034,False,0.3201586604118347,2.523914098739624,180,1.353061864408609,,placement_or_release
object_shift,relative,50035,False,0.039621952921152115,0.5595512390136719,180,1.06738750092331,,placement_or_release
object_shift,relative,50036,False,0.12469879537820816,2.303382158279419,180,0.7085063943724137,,never_grasped
object_shift,relative,50037,True,0.04814210161566734,0.007563352584838867,31,0.9615887391846627,,
object_shift,relative,50038,False,0.18417347967624664,0.005746364593505859,180,1.0457288090264711,,placement_or_release
object_shift,relative,50039,False,0.11973684281110764,0.006334781646728516,180,1.1336919080275436,,placement_or_release
object_shift,relative,50040,True,0.015736548230051994,0.005853414535522461,59,1.4820832806817634,,
object_shift,relative,50041,True,0.015291898511350155,0.006464242935180664,69,2.179947387217908,,
object_shift,relative,50042,False,0.5753779411315918,3.0171642303466797,180,0.9349658446342062,,never_grasped
object_shift,relative,50043,False,0.14943282306194305,0.011426210403442383,180,1.0810037197596998,,placement_or_release
object_shift,relative,50044,True,0.014234364964067936,0.00705265998840332,68,2.2425369345519357,,
object_shift,relative,50045,True,0.01235799677670002,0.008125543594360352,65,2.069231620014307,,
object_shift,relative,50046,True,0.012405014596879482,0.006609201431274414,61,1.6700036113593342,,
object_shift,relative,50047,True,0.012499338015913963,0.0065419673919677734,61,1.7737188237847477,,
object_shift,relative,50048,True,0.01168040931224823,0.006067991256713867,71,1.9645683425574134,,
object_shift,relative,50049,False,0.13919110596179962,0.017641305923461914,180,1.5574396091760718,,placement_or_release
object_shift,relative,50050,False,0.2004774510860443,0.01852250099182129,180,1.1564612249315829,,placement_or_release
object_shift,relative,50051,False,0.25720274448394775,0.006890535354614258,180,1.1563302058116633,,placement_or_release
object_shift,relative,50052,True,0.012107349000871181,0.008604288101196289,64,2.1305688501620352,,
object_shift,relative,50053,False,0.11294479668140411,0.010353803634643555,180,1.1032852547011345,,placement_or_release
object_shift,relative,50054,True,0.012313546612858772,0.005949974060058594,68,2.1612049525133443,,
object_shift,relative,50055,True,0.01572197489440441,0.006170034408569336,75,2.0296980042367068,,
object_shift,relative,50056,True,0.01276016142219305,0.0063092708587646484,67,1.8736257833038508,,
object_shift,relative,50057,False,0.23634250462055206,0.0041692256927490234,180,1.3341562321522389,,placement_or_release
object_shift,relative,50058,False,0.163083016872406,0.007889747619628906,180,1.3897397864519654,,placement_or_release
object_shift,relative,50059,True,0.01244666799902916,0.0077457427978515625,66,2.069922738258356,,
object_shift,relative,50060,True,0.013325355015695095,0.006132841110229492,71,2.0806808523666405,,
object_shift,relative,50061,True,0.01531200297176838,0.005461454391479492,61,1.901105980423381,,
object_shift,relative,50062,True,0.01169437076896429,0.0070040225982666016,71,2.2844795535725098,,
object_shift,relative,50063,True,0.014838404953479767,0.007448434829711914,73,2.447602449900387,,
object_shift,relative,50064,True,0.015841303393244743,0.0063741207122802734,72,2.0410421223477897,,
object_shift,relative,50065,True,0.016974015161395073,0.006562471389770508,70,2.3334950086568824,,
object_shift,relative,50066,True,0.013408654369413853,0.00832986831665039,71,2.425115149831072,,
object_shift,relative,50067,False,0.1393910050392151,0.017584800720214844,180,1.7500258023756032,,placement_or_release
object_shift,relative,50068,True,0.013529989868402481,0.0062410831451416016,62,1.6575685070301915,,
object_shift,relative,50069,True,0.015462442301213741,0.006166934967041016,68,2.325252187103615,,
object_shift,relative,50070,True,0.01195884682238102,0.006048679351806641,60,1.8147793068028477,,
object_shift,relative,50071,True,0.01417524367570877,0.006979942321777344,58,1.5212991863973002,,
object_shift,relative,50072,True,0.008947725407779217,0.007160186767578125,63,1.997499566305578,,
object_shift,relative,50073,True,0.011923220008611679,0.006154298782348633,81,2.7053704985801232,,
object_shift,relative,50074,False,0.2013101726770401,0.0024034976959228516,180,1.0338953545555825,,placement_or_release
object_shift,relative,50075,False,0.2643253803253174,0.002878904342651367,180,1.0290645169302728,,placement_or_release
object_shift,relative,50076,False,0.2539092004299164,0.14655137062072754,180,0.5959323998589738,,never_grasped
object_shift,relative,50077,True,0.01508454792201519,0.005699872970581055,58,1.6111983888431496,,
object_shift,relative,50078,True,0.012759676203131676,0.00753331184387207,68,1.8593399981123184,,
object_shift,relative,50079,True,0.013455758802592754,0.00792241096496582,64,1.7707995869682236,,
object_shift,relative,50080,False,0.45188871026039124,1.8900821208953857,180,0.6500401192166194,,never_grasped
object_shift,relative,50081,False,0.20942972600460052,0.16897797584533691,180,1.2327103596510796,,placement_or_release
object_shift,relative,50082,True,0.012560957111418247,0.008282899856567383,60,1.5282406151513896,,
object_shift,relative,50083,True,0.016435664147138596,0.006754398345947266,76,2.325108260879915,,
object_shift,relative,50084,True,0.021291572600603104,0.008898258209228516,54,1.6444728193673654,,
object_shift,relative,50085,False,0.3131251037120819,1.1711952686309814,180,1.3894993944403211,,placement_or_release
object_shift,relative,50086,True,0.01526697725057602,0.006283998489379883,67,1.6089190807633713,,
object_shift,relative,50087,True,0.01211183425039053,0.005854368209838867,60,1.8618339441541139,,
object_shift,relative,50088,True,0.013203563168644905,0.0060694217681884766,68,1.712679970285535,,
object_shift,relative,50089,False,0.13946391642093658,0.017566919326782227,180,1.4896258557241708,,placement_or_release
object_shift,relative,50090,True,0.012357685714960098,0.008126020431518555,67,2.2845101551693006,,
object_shift,relative,50091,True,0.012393244542181492,0.007872819900512695,68,2.0541667498796414,,
object_shift,relative,50092,True,0.014411410316824913,0.007229328155517578,63,1.9226782072346396,,
object_shift,relative,50093,True,0.0131556810811162,0.005179405212402344,59,1.865545191266392,,
object_shift,relative,50094,False,0.24682429432868958,0.006372690200805664,180,0.94467327626543,,placement_or_release
object_shift,relative,50095,False,0.09874477237462997,0.006526470184326172,180,1.1822228570114177,,placement_or_release
object_shift,relative,50096,True,0.014093240723013878,0.007345676422119141,58,1.665144794713342,,
object_shift,relative,50097,False,0.03525574505329132,0.31151700019836426,180,1.0211105202331758,,never_grasped
object_shift,relative,50098,False,0.13946835696697235,0.01756453514099121,180,1.5018581064139198,,placement_or_release
object_shift,relative,50099,True,0.011555192060768604,0.007303476333618164,63,1.612585904673324,,
object_shift,recurrent,50000,True,0.014056310057640076,0.0002505779266357422,80,2.2288669901317917,,
object_shift,recurrent,50001,False,0.5821226239204407,1.0192358493804932,180,1.2741062435630326,,placement_or_release
object_shift,recurrent,50002,True,0.011082932353019714,0.0005445480346679688,64,1.9905061023891903,,
object_shift,recurrent,50003,True,0.014944185502827168,0.003900766372680664,79,2.1465368160279468,,
object_shift,recurrent,50004,True,0.015066903084516525,0.004876136779785156,97,2.8487849852535874,,
object_shift,recurrent,50005,True,0.014252692461013794,0.0004711151123046875,75,2.1489646527916193,,
object_shift,recurrent,50006,True,0.013855286873877048,0.003572702407836914,57,1.4830070552416146,,
object_shift,recurrent,50007,True,0.012540934607386589,0.00270843505859375,97,2.6623464814620093,,
object_shift,recurrent,50008,True,0.008774452842772007,0.005283832550048828,72,2.3219938059337437,,
object_shift,recurrent,50009,True,0.0158122256398201,0.0032389163970947266,69,1.9658814512658864,,
object_shift,recurrent,50010,True,0.013758339919149876,0.002708911895751953,89,2.5773794831475243,,
object_shift,recurrent,50011,True,0.012450258247554302,0.001209259033203125,72,2.2541730105876923,,
object_shift,recurrent,50012,True,0.011275927536189556,0.007899045944213867,78,2.5661796557251364,,
object_shift,recurrent,50013,True,0.010377544909715652,0.002839803695678711,67,2.216900745406747,,
object_shift,recurrent,50014,True,0.013549115508794785,0.0034339427947998047,81,2.3290020752465352,,
object_shift,recurrent,50015,True,0.008133571594953537,0.007833242416381836,78,2.252946951542981,,
object_shift,recurrent,50016,True,0.014047407545149326,0.04235339164733887,81,2.023699934652541,,
object_shift,recurrent,50017,True,0.01173908170312643,0.004606962203979492,90,2.9380834822077304,,
object_shift,recurrent,50018,True,0.01239527016878128,0.0011768341064453125,66,2.007833896088414,,
object_shift,recurrent,50019,True,0.013055137358605862,0.0060651302337646484,71,2.115634568268433,,
object_shift,recurrent,50020,True,0.012983561493456364,0.0004961490631103516,67,1.992595721851103,,
object_shift,recurrent,50021,True,0.018337100744247437,0.0052454471588134766,93,3.0118580986745656,,
object_shift,recurrent,50022,True,0.013445254415273666,0.007789134979248047,70,1.734077182947658,,
object_shift,recurrent,50023,True,0.01403779722750187,0.0029821395874023438,88,2.633572881692089,,
object_shift,recurrent,50024,True,0.008840094320476055,0.005292654037475586,77,2.4070715232519433,,
object_shift,recurrent,50025,True,0.013700892217457294,0.005175590515136719,82,2.6261849680449814,,
object_shift,recurrent,50026,True,0.008097265847027302,0.005530118942260742,70,2.26688145135995,,
object_shift,recurrent,50027,True,0.01350152213126421,0.0012943744659423828,73,1.9771027344977483,,
object_shift,recurrent,50028,True,0.012032173573970795,0.0009284019470214844,71,2.2552710155723616,,
object_shift,recurrent,50029,True,0.01518133282661438,0.0020818710327148438,81,2.288781513518188,,
object_shift,recurrent,50030,True,0.014906739816069603,0.0026433467864990234,91,2.516576895606704,,
object_shift,recurrent,50031,True,0.013097764924168587,0.0015666484832763672,89,2.7559867716627195,,
object_shift,recurrent,50032,True,0.01598530076444149,0.0051593780517578125,82,2.585951455286704,,
object_shift,recurrent,50033,True,0.014920840971171856,0.005810976028442383,87,2.1534159356961027,,
object_shift,recurrent,50034,True,0.013061567209661007,0.0012285709381103516,108,2.7619851612253115,,
object_shift,recurrent,50035,True,0.011524847708642483,0.0038547515869140625,60,1.6550286622950807,,
object_shift,recurrent,50036,True,0.013400141149759293,0.028710603713989258,54,1.21339533792343,,
object_shift,recurrent,50037,True,0.04814210161566734,0.006499528884887695,32,0.9486025031656027,,
object_shift,recurrent,50038,True,0.011448447592556477,0.0012052059173583984,82,2.493081819731742,,
object_shift,recurrent,50039,True,0.00939820148050785,0.004748106002807617,62,1.8938612466445193,,
object_shift,recurrent,50040,True,0.014770297333598137,0.0037462711334228516,88,2.37470247480087,,
object_shift,recurrent,50041,True,0.01432932447642088,0.004403114318847656,106,2.876074468367733,,
object_shift,recurrent,50042,True,0.00804553646594286,0.003912210464477539,112,3.207378171151504,,
object_shift,recurrent,50043,True,0.014633417129516602,0.00013136863708496094,64,1.8366181236924604,,
object_shift,recurrent,50044,True,0.014282025396823883,0.002607107162475586,73,2.4418188116978854,,
object_shift,recurrent,50045,True,0.014044973067939281,0.0011782646179199219,68,2.1798651977442205,,
object_shift,recurrent,50046,True,0.010747657157480717,0.002730846405029297,64,1.712557308957912,,
object_shift,recurrent,50047,True,0.009200035594403744,0.0045359134674072266,64,1.9085831412812695,,
object_shift,recurrent,50048,True,0.012976531870663166,0.0019805431365966797,78,2.204128034529276,,
object_shift,recurrent,50049,True,0.011797785758972168,0.0031735897064208984,87,2.377188465441577,,
object_shift,recurrent,50050,True,0.014465712010860443,0.0021817684173583984,90,2.623154002474621,,
object_shift,recurrent,50051,True,0.015066138468682766,0.002779245376586914,86,2.568847237736918,,
object_shift,recurrent,50052,True,0.012220019474625587,0.0005595684051513672,72,2.388652568683028,,
object_shift,recurrent,50053,True,0.012972122058272362,0.003997087478637695,65,1.9195647622691467,,
object_shift,recurrent,50054,True,0.012962708249688148,0.0017561912536621094,78,2.418411480844952,,
object_shift,recurrent,50055,True,0.010047736577689648,0.007965326309204102,108,2.6510018293047324,,
object_shift,recurrent,50056,True,0.00827295146882534,0.00648045539855957,74,2.164319638744928,,
object_shift,recurrent,50057,True,0.013621986843645573,0.0021126270294189453,68,2.2492081173695624,,
object_shift,recurrent,50058,True,0.014741800725460052,0.003194093704223633,88,2.7502116988180205,,
object_shift,recurrent,50059,True,0.005696462467312813,0.0055043697357177734,87,2.5815812352811918,,
object_shift,recurrent,50060,True,0.010498507879674435,0.003554105758666992,95,2.695090264081955,,
object_shift,recurrent,50061,True,0.009459631517529488,0.0015573501586914062,71,2.249643254210241,,
object_shift,recurrent,50062,True,0.01827392354607582,0.005121469497680664,78,2.4318395626032725,,
object_shift,recurrent,50063,True,0.011461762711405754,0.00948333740234375,98,2.964406129787676,,
object_shift,recurrent,50064,True,0.012934754602611065,0.003778696060180664,94,2.8393591422354802,,
object_shift,recurrent,50065,True,0.010838107205927372,0.0033333301544189453,107,3.0910157590406016,,
object_shift,recurrent,50066,True,0.012764934450387955,0.0042111873626708984,94,2.9432611245429143,,
object_shift,recurrent,50067,True,0.013216220773756504,0.0035817623138427734,67,1.9901153957471251,,
object_shift,recurrent,50068,True,0.012187453918159008,0.031035661697387695,68,2.006031982251443,,
object_shift,recurrent,50069,True,0.012220773845911026,0.0011875629425048828,79,2.5406834143213928,,
object_shift,recurrent,50070,True,0.013788197189569473,0.0010356903076171875,69,2.1295213592238724,,
object_shift,recurrent,50071,True,0.012902656570076942,0.0005197525024414062,71,1.887319517089054,,
object_shift,recurrent,50072,True,0.0134264612570405,0.0034942626953125,89,2.8235109504312277,,
object_shift,recurrent,50073,True,0.01486395113170147,0.003663778305053711,97,3.194463176187128,,
object_shift,recurrent,50074,True,0.014566875994205475,0.003779172897338867,84,2.4473385110031813,,
object_shift,recurrent,50075,True,0.014435584656894207,0.0022542476654052734,70,1.8928168549318798,,
object_shift,recurrent,50076,True,0.013931503519415855,0.00047278404235839844,75,1.8096087818266824,,
object_shift,recurrent,50077,True,0.012272384949028492,0.0014367103576660156,88,2.3912627435056493,,
object_shift,recurrent,50078,True,0.010461910627782345,0.0032672882080078125,99,2.7647178184706718,,
object_shift,recurrent,50079,True,0.01169656403362751,0.003110647201538086,72,2.0659850648371503,,
object_shift,recurrent,50080,True,0.01357909943908453,0.0075836181640625,91,2.4650373388722073,,
object_shift,recurrent,50081,True,0.01245582103729248,0.00045108795166015625,66,2.121347719337791,,
object_shift,recurrent,50082,True,0.012080779299139977,0.09399914741516113,89,2.2740009806584567,,
object_shift,recurrent,50083,False,0.6370686292648315,0.553713321685791,180,1.4612561149656607,,placement_or_release
object_shift,recurrent,50084,True,0.011580856516957283,0.0014715194702148438,75,2.2806513058021665,,
object_shift,recurrent,50085,True,0.01320190541446209,0.003406047821044922,72,2.3045865022577345,,
object_shift,recurrent,50086,True,0.011704042553901672,0.005401134490966797,82,2.2134657989954576,,
object_shift,recurrent,50087,True,0.014346552081406116,0.0032956600189208984,94,2.7371099804295227,,
object_shift,recurrent,50088,True,0.009914848953485489,0.00574183464050293,80,2.2169082118198276,,
object_shift,recurrent,50089,True,0.014079967513680458,0.0006511211395263672,86,2.450047502410598,,
object_shift,recurrent,50090,True,0.009926908649504185,0.003018617630004883,73,2.2096280979458243,,
object_shift,recurrent,50091,True,0.00888643879443407,0.007306814193725586,64,1.9750870279385708,,
object_shift,recurrent,50092,True,0.012419977225363255,0.0015444755554199219,71,2.1576657883124426,,
object_shift,recurrent,50093,True,0.013457770459353924,0.002135753631591797,64,2.001023167395033,,
object_shift,recurrent,50094,True,0.012252154760062695,0.001993417739868164,68,1.8785632430808619,,
object_shift,recurrent,50095,True,0.01472143828868866,0.0012750625610351562,84,2.4978429042967036,,
object_shift,recurrent,50096,True,0.013125492259860039,0.0021893978118896484,73,2.3384285480715334,,
object_shift,recurrent,50097,True,0.012939865700900555,0.004324674606323242,70,1.8777044967282563,,
object_shift,recurrent,50098,True,0.009778291918337345,0.0021126270294189453,87,2.6682100064354017,,
object_shift,recurrent,50099,False,0.43447625637054443,2.2533299922943115,180,0.8630942146802525,,never_grasped
